first_name,second_name,goals_scored,assists,total_points,minutes,goals_conceded,creativity,influence,threat,bonus,bps,ict_index,clean_sheets,red_cards,yellow_cards,selected_by_percent,now_cost,element_type,value_per_m
David,Raya Martín,0,0,93,2070,17,20.3,331.2,0.0,4,368,35.2,11,0,1,33.2,59,GK,15.8
Kepa,Arrizabalaga Revuelta,0,0,0,0,0,0.0,0.0,0.0,0,0,0.0,0,0,0,0.4,41,GK,0.0
Karl,Hein,0,0,0,0,0,0.0,0.0,0.0,0,0,0.0,0,0,0,0.2,40,GK,0.0
Tommy,Setford,0,0,0,0,0,0.0,0.0,0.0,0,0,0.0,0,0,0,0.2,39,GK,0.0
Gabriel,dos Santos Magalhães,3,2,121,1445,10,78.8,476.6,165.0,18,391,71.9,10,0,1,37.3,69,DEF,17.5
William,Saliba,0,0,70,1534,12,109.8,301.2,32.0,4,321,44.3,8,0,0,12.3,60,DEF,11.7
Riccardo,Calafiori,1,2,77,1256,7,104.8,222.0,219.0,4,287,54.5,9,0,5,6.1,56,DEF,13.8
Jurriën,Timber,2,4,110,1819,15,281.7,380.8,323.0,7,389,98.9,10,0,3,28.2,63,DEF,17.5
Jakub,Kiwior,0,0,0,0,0,0.0,0.0,0.0,0,0,0.0,0,0,0,0.0,54,DEF,0.0
Myles,Lewis-Skelly,0,0,12,311,5,45.5,31.2,18.0,0,36,9.4,0,0,3,1.5,51,DEF,2.4
Benjamin,White,0,1,30,409,4,92.7,111.4,46.0,3,112,25.0,3,0,0,0.6,51,DEF,5.9
Brayden,Clarke,0,0,0,0,0,0.0,0.0,0.0,0,0,0.0,0,0,0,0.4,38,DEF,0.0
Maldini,Kacurri,0,0,0,0,0,0.0,0.0,0.0,0,0,0.0,0,0,0,0.1,39,DEF,0.0
Josh,Nichols,0,0,0,0,0,0.0,0.0,0.0,0,0,0.0,0,0,0,0.2,38,DEF,0.0
Bukayo,Saka,4,7,101,1543,12,628.1,421.2,564.0,10,394,161.4,8,0,1,16.8,101,MID,10.0
Martin,Ødegaard,1,4,53,983,10,394.1,221.0,134.0,5,217,74.8,4,0,0,2.3,78,MID,6.8
Noni,Madueke,0,0,22,576,6,191.2,74.2,197.0,0,87,46.2,3,0,0,0.6,68,MID,3.2
Gabriel,Martinelli Silva,1,1,29,545,3,71.4,78.6,207.0,1,89,35.2,2,0,2,0.9,68,MID,4.3
Leandro,Trossard,5,4,83,1247,11,337.4,337.0,355.0,9,287,103.1,6,0,1,1.5,68,MID,12.2
Declan,Rice,4,7,126,1875,16,686.0,593.8,241.0,18,533,152.2,10,0,2,31.5,74,MID,17.0
Mikel,Merino Zazón,4,3,66,996,9,187.0,304.4,237.0,5,238,72.6,4,0,1,1.4,55,MID,12.0
Fábio,Ferreira Vieira,0,0,0,0,0,0.0,0.0,0.0,0,0,0.0,0,0,0,0.0,54,MID,0.0
Christian,Nørgaard,0,0,3,31,1,0.4,14.6,7.0,0,11,2.3,0,0,0,0.1,51,MID,0.6
Ethan,Nwaneri,0,0,8,165,0,22.5,8.6,24.0,0,20,5.4,1,0,0,0.1,50,MID,1.6
Martín,Zubimendi Ibáñez,3,1,81,1905,15,294.5,397.6,186.0,5,381,88.0,11,0,4,2.2,52,MID,15.6
Ismeal,Kabia,0,0,0,0,0,0.0,0.0,0.0,0,0,0.0,0,0,0,0.1,45,MID,0.0
Albert,Sambi Lokonga,0,0,0,0,0,0.0,0.0,0.0,0,0,0.0,0,0,0,0.1,45,MID,0.0
Kai,Havertz,0,0,1,30,0,0.8,2.8,2.0,0,4,0.6,0,0,0,0.3,73,FWD,0.1
Gabriel,Fernando de Jesus,1,0,11,206,5,21.9,60.0,139.0,0,42,21.9,0,0,1,0.4,64,FWD,1.7
Eberechi,Eze,4,3,68,1046,7,176.9,256.8,287.0,6,262,72.0,6,0,1,8.3,73,MID,9.3
Cristhian,Mosquera,0,0,17,429,4,23.2,84.0,8.0,1,85,11.5,1,0,1,0.1,53,DEF,3.2
Viktor,Gyökeres,5,0,56,1377,7,139.3,199.8,440.0,4,185,77.1,9,0,3,9.3,87,FWD,6.4
Max,Dowman,0,1,5,27,0,0.8,1.0,26.0,0,13,2.8,0,0,0,0.3,42,MID,1.2
Andre,Harriman-Annous,0,0,0,0,0,0.0,0.0,0.0,0,0,0.0,0,0,0,0.0,44,MID,0.0
Piero,Hincapié,0,0,35,946,11,60.5,196.4,20.0,2,145,27.6,2,0,2,0.7,51,DEF,6.9
Marli,Salmon,0,0,0,0,0,0.0,0.0,0.0,0,0,0.0,0,0,0,0.0,40,DEF,0.0
Emiliano,Martínez Romero,0,0,76,1665,17,3.0,424.8,0.0,6,329,42.8,5,0,1,3.2,50,GK,15.2
Marco,Bizot,0,0,11,405,8,0.0,92.8,0.0,0,51,9.3,1,0,2,0.4,42,GK,2.6
Joe,Gauci,0,0,0,0,0,0.0,0.0,0.0,0,0,0.0,0,0,0,0.1,40,GK,0.0
Filip,Marschall,0,0,0,0,0,0.0,0.0,0.0,0,0,0.0,0,0,0,0.0,40,GK,0.0
Matty,Cash,3,2,95,1951,20,317.8,452.8,132.0,6,346,90.3,7,0,5,11.1,48,DEF,19.8
Lucas,Digne,0,4,68,1224,12,296.5,260.6,108.0,4,268,66.3,6,0,3,1.6,45,DEF,15.1
Ezri,Konsa Ngoyo,0,0,70,1955,24,73.8,396.6,79.0,3,352,55.3,7,1,0,7.4,44,DEF,15.9
Ian,Maatsen,0,0,25,850,13,181.9,164.2,118.0,0,138,46.7,1,0,2,0.5,42,DEF,6.0
Tyrone,Mings,0,0,25,512,6,44.6,127.2,25.0,1,91,19.7,2,0,0,0.5,43,DEF,5.8
Pau,Torres,0,1,47,1116,12,29.8,226.2,42.0,2,201,30.0,4,0,0,0.3,43,DEF,10.9
Andrés,García,0,0,1,30,2,1.5,0.6,0.0,0,-3,0.2,0,0,0,0.2,39,DEF,0.3
Álex,Moreno Lopera,0,0,0,0,0,0.0,0.0,0.0,0,0,0.0,0,0,0,1.7,40,DEF,0.0
Lamare,Bogarde,0,0,23,520,7,40.8,69.8,8.0,3,74,11.8,1,0,5,0.5,40,DEF,5.8
Lino,da Cruz Sousa,0,0,0,0,0,0.0,0.0,0.0,0,0,0.0,0,0,0,0.3,38,DEF,0.0
Yasin,Özcan,0,0,0,0,0,0.0,0.0,0.0,0,0,0.0,0,0,0,0.1,40,DEF,0.0
Morgan,Rogers,7,5,111,2047,25,411.7,496.4,514.0,10,376,142.1,7,0,4,31.3,77,MID,14.4
Youri,Tielemans,0,4,52,1295,17,401.3,317.2,147.0,3,289,86.6,4,0,0,1.0,59,MID,8.8
Leon,Bailey,0,0,1,31,0,1.9,5.0,7.0,0,4,1.4,0,0,0,0.1,55,MID,0.2
Emiliano,Buendía Stati,5,2,71,936,9,227.6,300.8,226.0,8,236,75.5,3,0,2,0.4,53,MID,13.4
Samuel,Iling-Junior,0,0,0,0,0,0.0,0.0,0.0,0,0,0.0,0,0,0,0.0,55,MID,0.0
Donyell,Malen,4,2,55,640,10,99.7,183.4,290.0,3,161,56.3,1,0,0,0.5,51,MID,10.8
John,McGinn,3,2,71,1591,21,385.2,308.2,193.0,4,289,88.8,7,0,3,0.8,54,MID,13.1
Ross,Barkley,1,1,15,114,0,33.7,51.8,55.0,0,56,14.0,0,0,0,0.0,48,MID,3.1
Enzo,Barrenechea,0,0,0,0,0,0.0,0.0,0.0,0,0,0.0,0,0,0,0.0,50,MID,0.0
Lewis,Dobbin,0,0,0,0,0,0.0,0.0,0.0,0,0,0.0,0,0,0,0.0,50,MID,0.0
Boubacar,Kamara,1,3,61,1410,15,241.3,325.0,75.0,7,282,64.2,5,0,5,0.3,49,MID,12.4
Amadou,Onana,2,0,51,974,11,73.9,258.8,69.0,3,228,40.2,4,0,2,0.6,48,MID,10.6
Ben,Broggio,0,0,0,0,0,0.0,0.0,0.0,0,0,0.0,0,0,0,0.3,44,MID,0.0
Leander,Dendoncker,0,0,0,0,0,0.0,0.0,0.0,0,0,0.0,0,0,0,0.1,45,MID,0.0
Jamaldeen,Jimoh-Aloba,0,0,1,8,0,0.3,0.2,0.0,0,3,0.1,0,0,0,0.1,45,MID,0.2
Kadan,Young,0,0,0,0,0,0.0,0.0,0.0,0,0,0.0,0,0,0,0.6,43,MID,0.0
Ollie,Watkins,8,2,91,1741,22,194.3,376.0,687.0,11,336,125.6,7,0,1,13.5,88,FWD,10.3
Zépiqueno,Redmond,0,0,0,0,0,0.0,0.0,0.0,0,0,0.0,0,0,0,0.3,45,FWD,0.0
Harvey,Elliott,0,0,4,97,2,17.8,8.6,18.0,0,13,4.4,0,0,0,0.2,51,MID,0.8
Jadon,Sancho,0,0,15,360,2,88.0,41.0,109.0,0,49,24.0,1,0,0,0.2,58,MID,2.6
Evann,Guessand,0,2,25,583,10,55.0,92.8,136.0,0,82,28.0,1,0,0,0.0,62,MID,4.0
James,Wright,0,0,0,0,0,0.0,0.0,0.0,0,0,0.0,0,0,0,0.6,39,GK,0.0
Triston,Rowe,0,0,0,0,0,0.0,0.0,0.0,0,0,0.0,0,0,0,0.1,40,DEF,0.0
Bradley,Burrowes,0,0,1,16,1,0.3,0.0,0.0,0,3,0.0,0,0,0,0.1,44,MID,0.2
Sam,Proctor,0,0,0,0,0,0.0,0.0,0.0,0,0,0.0,0,0,0,0.6,39,GK,0.0
Travis,Patterson,0,0,0,0,0,0.0,0.0,0.0,0,0,0.0,0,0,0,0.2,39,DEF,0.0
Victor,Lindelöf,0,1,21,566,9,27.2,123.8,8.0,0,91,16.0,1,0,0,0.1,45,DEF,4.7
George,Hemmings,0,0,2,25,0,1.7,0.0,2.0,0,5,0.3,0,0,0,0.0,45,MID,0.4
Ronnie,Hollingshead,0,0,0,0,0,0.0,0.0,0.0,0,0,0.0,0,0,0,0.0,40,GK,0.0
Leon,Routh,0,0,0,0,0,0.0,0.0,0.0,0,0,0.0,0,0,0,0.0,40,DEF,0.0
TJ,Carroll,0,0,0,0,0,0.0,0.0,0.0,0,0,0.0,0,0,0,0.0,40,DEF,0.0
Alysson Edward Franco,da Rocha dos Santos,0,0,0,0,0,0.0,0.0,0.0,0,0,0.0,0,0,0,0.0,50,MID,0.0
Max,Weiß,0,0,0,0,0,0.0,0.0,0.0,0,0,0.0,0,0,0,0.1,43,GK,0.0
Etienne,Green,0,0,0,0,0,0.0,0.0,0.0,0,0,0.0,0,0,0,0.2,40,GK,0.0
Václav,Hladký,0,0,0,0,0,0.0,0.0,0.0,0,0,0.0,0,0,0,0.2,39,GK,0.0
Connor,Roberts,0,0,0,0,0,0.0,0.0,0.0,0,0,0.0,0,0,0,0.0,44,DEF,0.0
Kyle,Walker,0,2,49,1966,41,135.1,342.0,22.0,3,147,50.1,3,0,7,1.1,44,DEF,11.1
Hannes,Delcroix,0,0,0,0,0,0.0,0.0,0.0,0,0,0.0,0,0,0,0.2,38,DEF,0.0
Owen,Dodgson,0,0,0,0,0,0.0,0.0,0.0,0,0,0.0,0,0,0,0.0,40,DEF,0.0
Hjalmar,Ekdal,0,0,44,1179,24,43.1,273.8,78.0,2,121,39.5,2,0,0,0.9,39,DEF,11.3
Maxime,Estève,0,0,50,1699,40,68.4,408.2,64.0,0,164,54.3,2,0,0,8.2,39,DEF,12.8
Quilindschy,Hartman,0,5,46,1337,28,228.9,305.4,57.0,0,170,59.2,2,0,1,0.7,40,DEF,11.5
Bashir,Humphreys,0,1,23,527,10,21.3,137.4,24.0,1,99,18.2,1,0,2,0.1,39,DEF,5.9
Jordan,Beyer,0,0,0,0,0,0.0,0.0,0.0,0,0,0.0,0,0,0,0.1,39,DEF,0.0
Lucas,Pires Silva,0,0,14,681,14,101.1,111.6,51.0,0,55,26.3,1,1,0,0.3,38,DEF,3.7
Shurandy,Sambo,0,0,0,0,0,0.0,0.0,0.0,0,0,0.0,0,0,0,0.0,40,DEF,0.0
Oliver,Sonne,1,0,13,164,4,18.1,44.8,30.0,0,20,9.2,0,0,0,0.3,38,DEF,3.4
Axel,Tuanzebe,1,0,29,886,20,8.9,221.0,52.0,0,84,28.4,1,0,1,1.0,39,DEF,7.4
Joe,Worrall,0,0,7,154,3,0.8,42.4,2.0,0,19,4.6,0,0,0,0.1,38,DEF,1.8
Jaidon,Anthony,5,2,73,1431,29,271.8,342.6,308.0,5,286,92.2,3,0,3,1.9,51,MID,14.3
Manuel,Benson Hedilazio,0,0,0,0,0,0.0,0.0,0.0,0,0,0.0,0,0,0,0.0,54,MID,0.0
Jacob,Bruun Larsen,0,1,31,853,23,175.9,104.6,123.0,0,94,40.3,3,0,0,0.0,53,MID,5.8
Enock,Agyei,0,0,0,0,0,0.0,0.0,0.0,0,0,0.0,0,0,0,0.0,47,MID,0.0
Darko,Churlinov,0,0,0,0,0,0.0,0.0,0.0,0,0,0.0,0,0,0,0.0,49,MID,0.0
Josh,Cullen,2,2,70,1513,29,218.1,342.0,98.0,8,321,66.0,3,0,2,1.0,50,MID,14.0
Marcus,Edwards,1,2,32,571,8,208.8,136.0,129.0,2,121,47.2,1,0,0,0.1,47,MID,6.8
Hannibal,Mejbri,0,2,24,458,12,128.5,60.4,35.0,0,94,22.4,1,0,4,0.1,47,MID,5.1
Luca,Koleosho,0,0,0,0,0,0.0,0.0,0.0,0,0,0.0,0,0,0,0.0,50,MID,0.0
Josh,Laurent,1,0,42,1079,27,81.6,216.4,68.0,1,173,36.7,1,0,4,0.0,48,MID,8.8
Loum,Tchaouna,1,1,33,753,11,76.7,85.6,101.0,0,111,26.3,2,0,1,0.0,49,MID,6.7
Aaron,Ramsey,0,0,0,0,0,0.0,0.0,0.0,0,0,0.0,0,0,0,1.5,44,MID,0.0
Oluwaseun,Adewumi,0,0,0,0,0,0.0,0.0,0.0,0,0,0.0,0,0,0,0.0,45,MID,0.0
Jaydon,Banel,0,0,1,9,0,0.5,0.0,0.0,0,2,0.0,0,0,0,0.0,45,MID,0.2
Mike,Trésor Ndayishimiye,0,0,4,19,1,0.4,0.6,2.0,0,10,0.3,0,0,0,0.1,44,MID,0.9
Zian,Flemming,5,0,42,660,10,58.6,209.0,207.0,3,157,46.8,2,0,3,0.3,53,FWD,7.9
Zeki,Amdouni,0,0,0,0,0,0.0,0.0,0.0,0,0,0.0,0,0,0,0.0,48,FWD,0.0
Lyle,Foster,3,1,42,917,20,107.7,171.8,161.0,4,159,43.6,3,0,3,0.8,49,FWD,8.6
Ashley,Barnes,0,0,1,9,1,0.3,0.2,7.0,0,3,0.8,0,0,1,1.3,42,FWD,0.2
Michael,Obafemi,0,0,0,0,0,0.0,0.0,0.0,0,0,0.0,0,0,0,0.1,44,FWD,0.0
Martin,Dúbravka,0,0,73,2070,44,0.0,709.4,0.0,7,327,71.1,3,0,0,32.9,40,GK,18.2
Lesley,Ugochukwu,3,1,67,1456,30,111.7,302.6,166.0,5,243,57.8,3,1,0,0.1,50,MID,13.4
Armando,Broja,1,1,36,767,24,59.3,96.2,192.0,2,101,34.4,1,0,0,0.2,52,FWD,6.9
Florentino Ibrain,Morris Luís,0,2,61,1470,31,160.4,303.0,42.0,0,255,50.8,2,0,3,0.0,50,MID,12.2
Oliver,Pimlott,0,0,0,0,0,0.0,0.0,0.0,0,0,0.0,0,0,0,0.0,45,MID,0.0
George,Brierley,0,0,0,0,0,0.0,0.0,0.0,0,0,0.0,0,0,0,0.0,45,MID,0.0
Norberto,Murara Neto,0,0,0,0,0,0.0,0.0,0.0,0,0,0.0,0,0,0,0.1,45,GK,0.0
Đorđe,Petrović,0,0,60,2070,43,0.0,477.6,0.0,1,244,48.0,5,0,2,4.3,45,GK,13.3
Will,Dennis,0,0,0,0,0,0.0,0.0,0.0,0,0,0.0,0,0,0,0.8,40,GK,0.0
Callan,McKenna,0,0,0,0,0,0.0,0.0,0.0,0,0,0.0,0,0,0,0.2,39,GK,0.0
Alex,Paulsen,0,0,0,0,0,0.0,0.0,0.0,0,0,0.0,0,0,0,0.1,40,GK,0.0
Illia,Zabarnyi,0,0,0,0,0,0.0,0.0,0.0,0,0,0.0,0,0,0,0.0,50,DEF,0.0
Marcos,Senesi Barón,0,4,94,1938,42,274.7,735.4,115.0,6,297,112.6,5,0,7,13.9,48,DEF,19.6
Adam,Smith,0,1,21,631,15,29.3,67.8,18.0,0,47,11.5,2,0,2,0.2,44,DEF,4.8
Adrien,Truffert,0,1,74,2028,40,320.5,476.8,87.0,7,272,88.4,5,0,3,1.7,45,DEF,16.4
Matai,Akinmboni,0,0,0,0,0,0.0,0.0,0.0,0,0,0.0,0,0,0,0.2,38,DEF,0.0
Owen,Bevan,0,0,0,0,0,0.0,0.0,0.0,0,0,0.0,0,0,0,0.2,38,DEF,0.0
James,Hill,0,1,36,752,13,44.9,193.2,57.0,0,106,29.6,2,0,1,0.7,39,DEF,9.2
Julián,Araujo Zúñiga,0,0,0,0,0,0.0,0.0,0.0,0,0,0.0,0,0,0,0.6,38,DEF,0.0
Chris,Mepham,0,0,0,0,0,0.0,0.0,0.0,0,0,0.0,0,0,0,0.1,40,DEF,0.0
Julio,Soler Barreto,0,0,3,34,2,2.5,1.8,2.0,0,2,0.6,0,0,0,0.2,40,DEF,0.8
Justin,Kluivert,2,0,40,914,18,304.1,146.6,128.0,3,147,57.8,4,0,4,0.7,70,MID,5.7
Marcus,Tavernier,5,3,94,1762,36,439.9,421.0,330.0,8,341,119.3,7,0,3,1.9,54,MID,17.4
Tyler,Adams,2,1,50,1196,23,74.0,266.2,105.0,3,245,44.7,4,0,5,0.3,49,MID,10.2
David,Brooks,1,2,43,932,17,297.7,191.6,379.0,4,169,85.4,4,0,6,0.2,50,MID,8.6
Ryan,Christie,1,1,20,328,9,90.4,93.8,97.0,0,78,28.3,0,0,1,0.1,49,MID,4.1
Lewis,Cook,0,1,30,680,17,145.9,171.2,12.0,0,144,33.2,0,1,1,0.0,49,MID,6.1
Philip,Billing,0,0,0,0,0,0.0,0.0,0.0,0,0,0.0,0,0,0,0.0,49,MID,0.0
Alex,Scott,1,2,71,1588,31,211.8,287.8,144.0,3,321,63.9,5,0,2,0.3,50,MID,14.2
Luis,Sinisterra Lucumí,0,0,0,0,0,0.0,0.0,0.0,0,0,0.0,0,0,0,0.0,50,MID,0.0
Romain,Faivre,0,0,0,0,0,0.0,0.0,0.0,0,0,0.0,0,0,0,0.1,45,MID,0.0
Hamed,Traorè,0,1,4,16,2,10.0,21.2,0.0,0,12,3.1,0,0,0,0.3,45,MID,0.9
Dominic,Sadi,0,0,0,0,0,0.0,0.0,0.0,0,0,0.0,0,0,0,0.0,45,MID,0.0
Zain,Silcott-Duberry,0,0,0,0,0,0.0,0.0,0.0,0,0,0.0,0,0,0,0.1,44,MID,0.0
Ben,Winterburn,0,0,1,6,2,0.0,0.0,0.0,0,3,0.0,0,0,0,0.0,45,MID,0.2
Francisco Evanilson,de Lima Barbosa,5,3,72,1586,31,232.1,226.2,512.0,5,256,96.7,5,0,1,2.3,70,FWD,10.3
Enes,Ünal,1,0,14,112,2,4.1,38.0,53.0,1,43,9.2,0,0,1,0.0,54,FWD,2.6
Daniel,Adu-Adjei,0,0,0,0,0,0.0,0.0,0.0,0,0,0.0,0,0,0,0.1,44,FWD,0.0
Junior,Kroupi,7,0,57,705,16,99.8,277.0,274.0,6,263,65.1,3,0,3,5.0,46,FWD,12.4
Ben,Gannon-Doak,0,1,7,53,1,14.0,21.2,11.0,0,22,4.7,0,0,0,0.0,48,MID,1.5
Bafodé,Diakité,0,0,45,1274,27,54.3,267.0,22.0,2,161,34.4,4,0,1,0.3,42,DEF,10.7
Remy,Rees-Dottin,0,0,0,0,0,0.0,0.0,0.0,0,0,0.0,0,0,0,0.1,43,MID,0.0
Amine,Adli,2,1,38,597,12,96.3,166.4,160.0,1,138,41.6,1,0,1,0.1,54,MID,7.0
Álex,Jiménez Sánchez,1,2,40,1327,30,119.4,236.8,136.0,0,133,49.2,2,0,5,0.1,45,DEF,8.9
Veljko,Milosavljevic,0,0,19,367,6,13.9,98.4,10.0,0,63,12.2,1,0,0,0.0,44,DEF,4.3
Malcom,DaCosta,0,0,0,0,0,0.0,0.0,0.0,0,0,0.0,0,0,0,0.0,45,MID,0.0
Fraser,Forster,0,0,0,0,0,0.0,0.0,0.0,0,0,0.0,0,0,0,0.0,40,GK,0.0
Charlie,Stevens,0,0,0,0,0,0.0,0.0,0.0,0,0,0.0,0,0,0,0.0,45,MID,0.0
Alex,Tóth,0,0,1,5,0,0.1,0.2,0.0,0,3,0.0,0,0,0,0.0,50,MID,0.2
Reiss,Nelson,0,0,6,50,1,4.0,16.4,16.0,0,19,3.4,0,0,0,0.1,48,MID,1.2
Dango,Ouattara,3,4,66,1127,16,134.8,200.6,354.0,6,179,68.4,3,0,3,0.3,58,MID,11.4
Caoimhín,Kelleher,0,0,83,2070,32,20.0,528.0,0.0,3,317,54.9,5,0,1,10.1,46,GK,18.0
Ellery,Balcombe,0,0,0,0,0,0.0,0.0,0.0,0,0,0.0,0,0,0,0.3,39,GK,0.0
Matthew,Cox,0,0,0,0,0,0.0,0.0,0.0,0,0,0.0,0,0,0,0.2,39,GK,0.0
Julian,Eyestone,0,0,0,0,0,0.0,0.0,0.0,0,0,0.0,0,0,0,0.1,39,GK,0.0
Hákon Rafn,Valdimarsson,0,0,0,0,0,0.0,0.0,0.0,0,0,0.0,0,0,0,0.6,39,GK,0.0
Nathan,Collins,1,2,91,1996,31,103.9,636.2,235.0,7,311,97.7,5,0,4,3.9,50,DEF,18.2
Keane,Lewis-Potter,2,1,67,921,15,150.7,172.8,152.0,3,180,47.6,6,0,1,2.1,49,DEF,13.7
Kristoffer,Ajer,0,2,48,1097,18,30.0,244.4,122.0,1,138,39.8,3,0,1,0.2,44,DEF,10.9
Rico,Henry,0,1,37,859,14,38.6,90.0,24.0,0,99,15.2,3,0,2,0.2,43,DEF,8.6
Michael,Kayode,0,1,65,1998,31,339.9,386.6,71.0,6,314,79.9,5,0,5,0.7,45,DEF,14.4
Ethan,Pinnock,0,0,4,228,5,1.1,62.8,12.0,0,21,7.6,0,0,1,0.1,42,DEF,1.0
Mads,Roerslev Rasmussen,0,0,0,0,0,0.0,0.0,0.0,0,0,0.0,0,0,0,0.0,45,DEF,0.0
Sepp,van den Berg,0,0,53,1583,26,33.4,363.8,180.0,0,201,57.8,3,0,1,0.7,45,DEF,11.8
Benjamin,Arthur,0,0,0,0,0,0.0,0.0,0.0,0,0,0.0,0,0,0,0.2,39,DEF,0.0
Benjamin,Fredrick,0,0,0,0,0,0.0,0.0,0.0,0,0,0.0,0,0,0,0.1,40,DEF,0.0
Aaron,Hickey,0,0,30,537,7,14.2,58.8,42.0,0,82,11.3,2,0,1,0.5,40,DEF,7.5
Kim,Ji-soo,0,0,0,0,0,0.0,0.0,0.0,0,0,0.0,0,0,0,0.1,39,DEF,0.0
Jayden,Meghoma,0,0,0,0,0,0.0,0.0,0.0,0,0,0.0,0,0,0,0.0,40,DEF,0.0
Kevin,Schade,6,4,88,1816,22,293.8,432.0,607.0,5,301,133.4,7,0,6,3.0,72,MID,12.2
Mikkel,Damsgaard,1,3,61,1272,22,454.8,298.4,172.0,3,264,92.6,2,0,0,0.5,57,MID,10.7
Antoni,Milambo,0,0,1,45,3,1.8,4.0,0.0,0,5,0.6,0,0,0,0.0,52,MID,0.2
Fábio,Freitas Gouveia Carvalho,1,0,13,100,4,6.5,39.0,36.0,1,42,8.1,0,0,0,0.1,47,MID,2.8
Jordan,Henderson,1,3,59,1358,21,271.3,266.2,41.0,5,257,57.8,4,0,4,0.4,50,MID,11.8
Vitaly,Janelt,0,4,55,938,11,268.2,249.6,68.0,3,232,58.3,4,0,4,0.3,49,MID,11.2
Mathias,Jensen,2,0,45,944,13,254.6,183.8,107.0,0,211,54.4,4,0,1,0.1,49,MID,9.2
Gustavo,Nunes Fernandes Gomes,0,0,0,0,0,0.0,0.0,0.0,0,0,0.0,0,0,0,0.0,49,MID,0.0
Frank,Onyeka,0,2,12,88,2,13.6,28.4,4.0,0,41,4.6,0,0,0,0.0,48,MID,2.5
Yehor,Yarmoliuk,1,2,70,1734,28,195.3,291.8,108.0,0,300,59.5,5,0,5,0.1,50,MID,14.0
Romelle,Donovan,0,0,1,1,0,10.5,3.0,4.0,0,4,1.8,0,0,0,0.1,44,MID,0.2
Yunus Emre,Konak,0,0,0,0,0,0.0,0.0,0.0,0,0,0.0,0,0,0,0.2,43,MID,0.0
Paris,Maghoma,0,0,0,0,0,0.0,0.0,0.0,0,0,0.0,0,0,0,0.0,45,MID,0.0
Myles,Peart-Harris,0,0,1,1,0,0.0,0.0,0.0,0,2,0.0,0,0,0,0.0,44,MID,0.2
Ryan,Trevitt,0,0,0,0,0,0.0,0.0,0.0,0,0,0.0,0,0,0,0.0,45,MID,0.0
Igor Thiago,Nascimento Rodrigues,16,1,124,1932,30,201.6,690.8,786.0,18,512,167.8,5,0,4,37.5,72,FWD,17.2
Iwan,Morgan,0,0,0,0,0,0.0,0.0,0.0,0,0,0.0,0,0,0,0.3,44,FWD,0.0
Josh,Dasilva,0,0,0,0,0,0.0,0.0,0.0,0,0,0.0,0,0,0,0.0,49,MID,0.0
Kaye,Furo,0,0,0,0,0,0.0,0.0,0.0,0,0,0.0,0,0,0,0.0,45,FWD,0.0
Jason,Steele,0,0,0,0,0,0.0,0.0,0.0,0,0,0.0,0,0,0,0.2,42,GK,0.0
Bart,Verbruggen,0,0,71,2070,31,10.0,569.4,0.0,4,369,57.9,5,0,3,5.9,45,GK,15.8
Tom,McGill,0,0,0,0,0,0.0,0.0,0.0,0,0,0.0,0,0,0,0.3,39,GK,0.0
Carl,Rushworth,0,0,0,0,0,0.0,0.0,0.0,0,0,0.0,0,0,0,0.0,40,GK,0.0
Kjell,Scherpen,0,0,0,0,0,0.0,0.0,0.0,0,0,0.0,0,0,0,0.0,40,GK,0.0
Olivier,Boscagli,0,1,15,230,2,37.1,68.2,12.0,2,61,11.8,1,0,1,0.1,42,DEF,3.6
Diego,Coppola,0,0,10,193,3,3.7,42.4,2.0,0,32,4.8,1,0,2,0.1,42,DEF,2.4
Maxim,De Cuyper,2,0,50,977,17,299.0,199.4,118.0,6,187,61.7,3,0,2,2.0,43,DEF,11.6
Lewis,Dunk,0,1,53,1935,30,90.6,430.2,115.0,0,270,63.8,4,0,8,0.9,45,DEF,11.8
Pervis,Estupiñán Tenorio,0,0,0,0,0,0.0,0.0,0.0,0,0,0.0,0,0,0,0.0,45,DEF,0.0
Ferdi,Kadıoğlu,0,1,59,1780,26,284.7,293.2,144.0,4,282,72.5,5,0,4,0.4,44,DEF,13.4
Tariq,Lamptey,0,0,0,0,0,0.0,0.0,0.0,0,0,0.0,0,0,0,0.1,44,DEF,0.0
Jan Paul,van Hecke,3,2,85,1980,31,132.1,656.2,224.0,6,325,101.5,4,0,6,4.3,45,DEF,18.9
Joël,Veltman,1,0,29,673,10,68.2,189.0,59.0,1,113,31.7,1,0,3,0.2,43,DEF,6.7
Adam,Webster,0,0,0,0,0,0.0,0.0,0.0,0,0,0.0,0,0,0,0.0,44,DEF,0.0
Eiran,Cashin,0,0,0,0,0,0.0,0.0,0.0,0,0,0.0,0,0,0,0.0,40,DEF,0.0
Jacob,Slater,0,0,0,0,0,0.0,0.0,0.0,0,0,0.0,0,0,0,0.1,40,DEF,0.0
Charlie,Tasker,0,0,0,0,0,0.0,0.0,0.0,0,0,0.0,0,0,0,0.1,38,DEF,0.0
Mitoma,Kaoru,2,1,38,923,12,243.8,172.0,195.0,2,136,60.7,2,0,2,2.1,61,MID,6.2
Georginio,Rutter,2,4,62,1362,15,251.3,239.2,334.0,2,211,82.4,6,0,2,0.5,56,MID,11.1
Solly,March,0,0,0,0,0,0.0,0.0,0.0,0,0,0.0,0,0,0,0.0,58,MID,0.0
Yankuba,Minteh,1,8,81,1576,24,437.6,304.2,450.0,6,303,119.5,6,0,0,2.7,58,MID,14.0
Julio,Enciso Espínola,0,0,0,0,0,0.0,0.0,0.0,0,0,0.0,0,0,0,0.0,54,MID,0.0
Brajan,Gruda,1,1,35,708,11,217.1,134.4,152.0,2,114,50.0,2,0,2,0.1,54,MID,6.5
Jack,Hinshelwood,1,2,36,655,13,56.1,132.6,93.0,2,141,28.4,1,0,0,0.0,51,MID,7.1
Matt,O'Riley,1,0,12,177,2,66.6,60.8,63.0,2,36,19.0,1,0,0,0.3,55,MID,2.2
Abdallah,Sima,0,0,0,0,0,0.0,0.0,0.0,0,0,0.0,0,0,0,0.0,54,MID,0.0
Yasin,Ayari,3,2,77,1609,20,200.9,288.2,204.0,6,325,69.4,5,0,0,0.6,48,MID,16.0
Carlos,Baleba,0,0,30,998,14,74.6,76.6,23.0,0,120,17.4,4,0,4,1.3,45,MID,6.7
Diego,Gómez Amarilla,3,0,56,1413,22,243.2,285.6,301.0,5,238,83.0,4,0,5,0.2,49,MID,11.4
James,Milner,1,1,21,306,10,91.6,88.8,23.0,0,86,20.2,0,0,2,0.1,49,MID,4.3
Jeremy,Sarmiento Morante,0,0,0,0,0,0.0,0.0,0.0,0,0,0.0,0,0,0,0.0,49,MID,0.0
Tom,Watson,0,0,5,57,2,2.4,6.0,7.0,0,15,1.6,0,0,1,0.0,48,MID,1.0
Mats,Wieffer,0,4,58,1179,17,229.5,303.4,131.0,3,250,66.5,3,0,4,0.2,49,MID,11.8
Malick,Yalcouyé,0,0,0,0,0,0.0,0.0,0.0,0,0,0.0,0,0,0,0.0,50,MID,0.0
Joe,Knight,0,0,1,1,0,0.0,0.0,0.0,0,3,0.0,0,0,0,0.1,44,MID,0.2
Adrian,Mazilu,0,0,0,0,0,0.0,0.0,0.0,0,0,0.0,0,0,0,0.0,45,MID,0.0
Andrew,Moran,0,0,0,0,0,0.0,0.0,0.0,0,0,0.0,0,0,0,0.0,45,MID,0.0
Danny,Welbeck,8,0,68,1276,20,174.3,308.8,354.0,8,261,83.1,3,0,4,4.1,62,FWD,11.0
Evan,Ferguson,0,0,0,0,0,0.0,0.0,0.0,0,0,0.0,0,0,0,0.0,55,FWD,0.0
Stefanos,Tzimas,1,1,16,132,2,65.7,66.6,44.0,0,55,17.7,0,0,0,0.1,52,FWD,3.1
Charalampos,Kostoulas,2,1,26,182,4,71.1,115.0,161.0,3,109,34.6,1,0,2,0.4,48,FWD,5.4
Nehemiah,Oriola,0,0,1,1,0,0.0,0.0,0.0,0,3,0.0,0,0,0,0.0,45,MID,0.2
Freddie,Simmonds,0,0,0,0,0,0.0,0.0,0.0,0,0,0.0,0,0,0,0.0,40,DEF,0.0
Pascal,Groß,0,0,7,286,3,143.1,50.0,37.0,1,51,22.8,0,0,1,0.0,55,MID,1.3
Harry,Howell,0,0,0,0,0,0.0,0.0,0.0,0,0,0.0,0,0,0,0.0,45,MID,0.0
Robert,Lynch Sánchez,0,1,88,1894,24,50.0,526.2,0.0,7,378,57.3,9,1,2,14.2,49,GK,18.0
Filip,Jörgensen,0,0,3,174,3,0.0,28.2,0.0,0,18,2.8,0,0,0,0.2,43,GK,0.7
Mike,Penders,0,0,0,0,0,0.0,0.0,0.0,0,0,0.0,0,0,0,0.0,40,GK,0.0
Gabriel,Słonina,0,0,0,0,0,0.0,0.0,0.0,0,0,0.0,0,0,0,0.1,39,GK,0.0
Marc,Cucurella Saseta,0,2,78,1705,20,319.7,344.4,134.0,5,354,79.7,9,1,4,16.1,60,DEF,13.0
Reece,James,2,5,96,1525,16,394.0,404.6,87.0,9,398,88.7,7,0,4,10.9,57,DEF,16.8
Trevoh,Chalobah,3,1,114,1920,24,83.0,546.8,143.0,7,420,77.2,9,1,3,20.8,56,DEF,20.4
Levi,Samuels Colwill,0,0,0,0,0,0.0,0.0,0.0,0,0,0.0,0,0,0,0.1,47,DEF,0.0
Malo,Gusto,2,2,74,1232,15,203.5,281.2,118.0,7,286,60.2,6,1,1,2.0,49,DEF,15.1
Benoît,Badiashile Mukinayi,0,0,7,425,8,7.1,80.4,2.0,0,42,9.1,0,0,2,0.0,44,DEF,1.6
Wesley,Fofana,0,0,42,806,9,15.3,247.6,22.0,3,183,28.5,4,0,2,0.4,44,DEF,9.5
Mamadou,Sarr,0,0,0,0,0,0.0,0.0,0.0,0,0,0.0,0,0,0,0.0,45,DEF,0.0
Tosin,Adarabioyo,0,0,30,704,11,32.0,216.2,19.0,2,115,26.8,2,0,2,0.3,40,DEF,7.5
Josh,Acheampong,1,0,31,473,9,25.6,109.8,64.0,5,93,20.1,2,0,0,1.2,38,DEF,8.2
Aarón,Anselmino,0,0,0,0,0,0.0,0.0,0.0,0,0,0.0,0,0,0,0.1,40,DEF,0.0
Cole,Palmer,4,1,45,753,10,117.5,197.6,219.0,1,161,53.3,2,0,2,11.6,104,MID,4.3
Pedro,Lomba Neto,5,4,94,1802,15,558.0,392.8,382.0,6,396,133.5,10,0,2,6.3,71,MID,13.2
Enzo,Fernández,7,3,106,1874,22,558.9,538.6,528.0,12,432,162.7,8,0,5,16.0,67,MID,15.8
Estêvão,Almeida de Oliveira Gonçalves,2,5,52,675,8,202.2,172.4,274.0,4,163,64.7,3,0,3,2.3,64,MID,8.1
Jamie,Bynoe-Gittens,0,2,24,461,6,129.3,93.0,91.0,0,95,31.3,1,0,0,0.1,60,MID,4.0
Christopher,Nkunku,0,0,0,0,0,0.0,0.0,0.0,0,0,0.0,0,0,0,0.1,59,MID,0.0
Moisés,Caicedo Corozo,3,1,76,1504,20,202.6,396.0,86.0,9,353,68.2,6,1,6,8.0,57,MID,13.3
Tyrique,George,0,0,4,142,2,7.0,8.2,56.0,0,2,7.1,1,0,2,0.1,48,MID,0.8
Roméo,Lavia,0,0,4,105,3,7.5,9.6,2.0,0,22,1.8,0,0,0,0.0,49,MID,0.8
Mykhailo,Mudryk,0,0,0,0,0,0.0,0.0,0.0,0,0,0.0,0,0,0,0.0,49,MID,0.0
Andrey,Nascimento dos Santos,0,0,22,634,6,94.1,112.4,59.0,0,104,26.5,1,0,4,0.3,45,MID,4.9
Dário,Luís Essugo,0,0,0,0,0,0.0,0.0,0.0,0,0,0.0,0,0,0,0.1,43,MID,0.0
Kendry,Páez Andrade,0,0,0,0,0,0.0,0.0,0.0,0,0,0.0,0,0,0,0.0,45,MID,0.0
João Pedro,Junqueira de Jesus,8,4,104,1678,17,344.9,464.2,509.0,20,434,131.4,9,0,2,29.9,72,FWD,14.4
Liam,Delap,1,1,26,592,10,47.0,54.0,225.0,1,87,32.0,2,0,2,0.9,62,FWD,4.2
Nicolas,Jackson,0,0,0,0,0,0.0,0.0,0.0,0,0,0.0,0,0,0,0.1,65,FWD,0.0
Marc,Guiu Paz,0,1,12,247,2,38.8,24.6,81.0,0,19,12.6,0,0,1,6.4,42,FWD,2.9
Alejandro,Garnacho Ferreyra,1,3,40,815,10,232.1,136.2,265.0,2,141,62.4,4,0,1,0.6,64,MID,6.2
Jorrel,Hato,0,0,7,270,5,28.6,53.0,17.0,0,18,9.8,0,0,2,0.2,46,DEF,1.5
Landon,Emenalo,0,0,0,0,0,0.0,0.0,0.0,0,0,0.0,0,0,0,0.0,45,MID,0.0
Max,Merrick,0,0,0,0,0,0.0,0.0,0.0,0,0,0.0,0,0,0,0.0,40,GK,0.0
Teddy,Sharman-Lowe,0,0,0,0,0,0.0,0.0,0.0,0,0,0.0,0,0,0,0.0,40,GK,0.0
Dean,Henderson,0,0,82,2070,28,10.0,514.6,0.0,2,362,52.4,8,0,2,7.5,50,GK,16.4
Walter,Benítez,0,0,0,0,0,0.0,0.0,0.0,0,0,0.0,0,0,0,0.3,40,GK,0.0
Remi,Matthews,0,0,0,0,0,0.0,0.0,0.0,0,0,0.0,0,0,0,0.1,39,GK,0.0
Daniel,Muñoz Mejía,3,3,90,1335,14,132.7,346.8,240.0,7,294,71.7,7,0,4,6.0,58,DEF,15.5
Maxence,Lacroix,0,2,100,2070,28,72.6,526.8,140.0,4,376,73.9,8,0,3,5.8,51,DEF,19.6
Tyrick,Mitchell,1,0,85,2038,28,285.0,415.0,142.0,5,303,84.3,8,0,5,2.1,50,DEF,17.0
Borna,Sosa,0,0,5,53,1,12.2,11.0,4.0,0,10,2.7,0,0,0,0.1,48,DEF,1.0
Chris,Richards,1,0,84,1702,24,74.3,461.8,99.0,1,305,63.8,7,0,1,1.9,44,DEF,19.1
Chadi,Riad Dnanou,0,1,4,14,0,10.2,21.8,8.0,0,15,4.0,0,0,0,0.0,40,DEF,1.0
Nathaniel,Clyne,0,1,14,418,8,46.3,74.4,31.0,2,50,15.1,0,0,0,0.6,38,DEF,3.7
Rob,Holding,0,0,0,0,0,0.0,0.0,0.0,0,0,0.0,0,0,0,0.0,40,DEF,0.0
Caleb,Kporha,0,0,0,0,0,0.0,0.0,0.0,0,0,0.0,0,0,0,0.0,40,DEF,0.0
Ismaïla,Sarr,3,1,54,1099,12,178.6,212.0,239.0,6,170,63.1,6,0,1,2.0,63,MID,8.6
Cheick,Doucouré,0,0,0,0,0,0.0,0.0,0.0,0,0,0.0,0,0,0,0.0,49,MID,0.0
Romain,Esse,0,0,4,40,0,2.7,6.8,6.0,0,12,1.5,0,0,0,0.1,47,MID,0.9
Will,Hughes,0,1,32,971,12,202.9,127.4,63.0,0,154,39.4,4,0,4,0.1,47,MID,6.8
Daichi,Kamada,0,2,45,1166,11,164.6,141.0,110.0,0,199,41.6,6,0,1,0.1,50,MID,9.0
Jefferson,Lerma Solís,0,2,36,931,11,120.4,148.4,146.0,1,145,41.5,4,0,5,0.1,49,MID,7.3
Adam,Wharton,0,3,66,1726,27,439.7,290.4,105.0,4,330,83.6,6,1,3,0.7,50,MID,13.2
Asher,Agbinone,0,0,0,0,0,0.0,0.0,0.0,0,0,0.0,0,0,0,0.1,43,MID,0.0
Naouirou,Ahamada,0,0,0,0,0,0.0,0.0,0.0,0,0,0.0,0,0,0,0.0,43,MID,0.0
Justin,Devenny,1,0,29,593,10,94.5,86.6,164.0,0,81,34.5,1,0,0,1.5,43,MID,6.7
Malcolm,Ebiowei,0,0,0,0,0,0.0,0.0,0.0,0,0,0.0,0,0,0,0.0,45,MID,0.0
Jesurun,Rak-Sakyi,0,0,0,0,0,0.0,0.0,0.0,0,0,0.0,0,0,0,0.0,44,MID,0.0
Matheus,França de Oliveira,0,0,0,0,0,0.0,0.0,0.0,0,0,0.0,0,0,0,0.0,45,MID,0.0
David,Ozoh,0,0,0,0,0,0.0,0.0,0.0,0,0,0.0,0,0,0,0.0,45,MID,0.0
Kaden,Rodney,0,0,1,3,0,0.1,0.0,0.0,0,2,0.0,0,0,0,0.0,44,MID,0.2
Franco,Umeh-Chibueze,0,0,0,0,0,0.0,0.0,0.0,0,0,0.0,0,0,0,0.0,45,MID,0.0
Jean-Philippe,Mateta,8,0,84,1904,23,119.7,411.8,664.0,9,281,119.4,8,0,2,9.9,75,FWD,11.2
Eddie,Nketiah,2,0,23,414,12,84.6,120.0,173.0,3,100,37.8,0,0,2,0.3,54,FWD,4.3
Odsonne,Édouard,0,0,1,2,0,0.0,2.0,0.0,0,6,0.2,0,0,0,0.2,50,FWD,0.2
Zach,Marsh,0,0,0,0,0,0.0,0.0,0.0,0,0,0.0,0,0,0,0.3,44,FWD,0.0
Brennan,Johnson,2,0,41,928,11,127.2,155.4,162.0,2,137,44.3,4,0,4,2.5,65,MID,6.3
Rio,Cardines,0,0,0,0,0,0.0,0.0,0.0,0,0,0.0,0,0,0,0.3,44,MID,0.0
Yéremy,Pino Santos,2,1,58,1462,19,478.3,247.2,301.0,3,234,102.4,6,0,3,0.2,58,MID,10.0
Jaydee,Canvot,0,0,27,352,6,7.1,99.0,10.0,4,71,11.5,2,0,1,0.0,45,DEF,6.0
Christantus,Uche,0,1,14,114,4,5.5,10.8,65.0,0,36,7.8,0,0,0,0.0,55,FWD,2.5
Joél,Drakes-Thomas,0,0,2,7,1,1.0,1.4,0.0,0,6,0.3,0,0,0,0.0,45,MID,0.4
Dean,Benamar,0,0,0,0,0,0.0,0.0,0.0,0,0,0.0,0,0,0,0.0,40,DEF,0.0
Ben,Casey,0,0,0,0,0,0.0,0.0,0.0,0,0,0.0,0,0,0,0.0,45,FWD,0.0
George,King,0,0,0,0,0,0.0,0.0,0.0,0,0,0.0,0,0,0,0.0,40,DEF,0.0
Danny,Imray,0,0,0,0,0,0.0,0.0,0.0,0,0,0.0,0,0,0,0.0,40,DEF,0.0
Kiernan,Dewsbury-Hall,4,3,76,1302,16,323.9,293.6,189.0,10,295,80.6,6,0,5,2.1,49,MID,15.5
Jordan,Pickford,0,0,103,2070,26,0.1,562.2,0.0,11,394,56.2,9,0,0,14.0,56,GK,18.4
Mark,Travers,0,0,0,0,0,0.0,0.0,0.0,0,0,0.0,0,0,0,0.1,43,GK,0.0
Harry,Tyrer,0,0,0,0,0,0.0,0.0,0.0,0,0,0.0,0,0,0,0.1,39,GK,0.0
Jarrad,Branthwaite,0,0,1,45,0,13.3,10.6,4.0,0,8,2.8,0,0,0,0.1,53,DEF,0.2
James,Tarkowski,0,1,112,2070,26,172.5,608.4,172.0,6,401,95.6,9,0,4,13.9,58,DEF,19.3
Vitalii,Mykolenko,0,0,64,1795,25,217.1,319.2,57.0,1,228,59.3,7,0,4,0.8,49,DEF,13.1
Jake,O'Brien,0,1,80,1938,25,173.4,362.2,94.0,2,271,63.3,8,0,1,0.8,49,DEF,16.3
Séamus,Coleman,0,0,3,11,0,0.1,0.0,0.0,0,10,0.0,0,0,0,0.1,42,DEF,0.7
Michael,Keane,3,0,96,1676,25,26.0,515.4,178.0,8,276,71.8,6,1,0,4.1,47,DEF,20.4
Nathan,Patterson,0,0,20,236,1,6.1,61.6,17.0,0,65,8.4,2,0,0,0.0,44,DEF,4.5
Roman,Dixon,0,0,0,0,0,0.0,0.0,0.0,0,0,0.0,0,0,0,0.2,38,DEF,0.0
Reece,Welch,0,0,0,0,0,0.0,0.0,0.0,0,0,0.0,0,0,0,0.1,38,DEF,0.0
Iliman,Ndiaye,4,2,75,1433,20,260.2,351.6,307.0,3,306,92.0,6,0,2,4.0,62,MID,12.1
Dwight,McNeil,0,2,29,615,4,127.8,76.0,45.0,0,99,24.9,3,0,1,0.2,55,MID,5.3
Carlos,Alcaraz Durán,0,1,25,656,8,144.0,79.4,156.0,0,104,38.0,3,0,3,0.1,52,MID,4.8
Idrissa Gana,Gueye,2,1,50,1141,14,146.3,227.6,125.0,4,236,49.9,3,1,0,0.1,54,MID,9.3
James,Garner,2,3,101,2063,26,469.5,529.2,177.0,10,509,117.7,9,0,5,4.6,52,MID,19.4
Tim,Iroegbunam,0,3,49,923,9,79.4,162.8,46.0,1,156,28.7,7,0,7,0.0,48,MID,10.2
Harrison,Armstrong,0,0,10,235,3,33.3,29.0,10.0,0,29,7.3,1,0,0,0.1,45,MID,2.2
Callum,Bates,0,0,0,0,0,0.0,0.0,0.0,0,0,0.0,0,0,0,0.1,43,MID,0.0
Coby,Ebere,0,0,0,0,0,0.0,0.0,0.0,0,0,0.0,0,0,0,0.0,44,MID,0.0
Isaac,Heath,0,0,0,0,0,0.0,0.0,0.0,0,0,0.0,0,0,0,0.0,45,MID,0.0
Jenson,Metcalfe,0,0,0,0,0,0.0,0.0,0.0,0,0,0.0,0,0,0,0.0,45,MID,0.0
Thierno,Barry,5,0,59,1269,17,119.8,211.4,339.0,5,184,65.6,7,0,2,0.9,57,FWD,10.4
Norberto Bercique,Gomes Betuncal,2,0,38,831,12,53.6,125.8,291.0,1,88,45.5,2,0,1,2.4,50,FWD,7.6
Youssef,Ramalho Chermiti,0,0,0,0,0,0.0,0.0,0.0,0,0,0.0,0,0,0,0.1,49,FWD,0.0
Martin,Sherif,0,0,0,0,0,0.0,0.0,0.0,0,0,0.0,0,0,0,0.1,44,FWD,0.0
Jack,Grealish,2,6,79,1627,23,520.5,374.2,397.0,12,356,129.2,7,1,3,7.7,64,MID,12.3
Tom,King,0,0,0,0,0,0.0,0.0,0.0,0,0,0.0,0,0,0,1.3,39,GK,0.0
Adam,Aznou,0,0,0,0,0,0.0,0.0,0.0,0,0,0.0,0,0,0,0.1,42,DEF,0.0
Tyler,Onyango,0,0,0,0,0,0.0,0.0,0.0,0,0,0.0,0,0,0,0.1,45,MID,0.0
Elijah,Campbell,0,0,0,0,0,0.0,0.0,0.0,0,0,0.0,0,0,0,0.2,39,DEF,0.0
Tyler,Dibling,0,0,16,338,2,61.0,46.0,32.0,0,45,13.6,2,0,2,0.0,53,MID,3.0
Merlin,Röhl,0,0,16,353,4,65.9,61.2,32.0,0,39,15.9,2,0,0,0.0,50,MID,3.2
Braiden,Graham,0,0,0,0,0,0.0,0.0,0.0,0,0,0.0,0,0,0,0.0,45,FWD,0.0
Bernd,Leno,0,0,70,2070,32,0.0,516.6,0.0,3,316,51.5,5,0,3,1.6,49,GK,14.3
Steven,Benda,0,0,0,0,0,0.0,0.0,0.0,0,0,0.0,0,0,0,0.0,40,GK,0.0
Antonee,Robinson,0,0,32,731,8,194.2,178.8,32.0,4,134,40.5,2,0,0,0.8,49,DEF,6.5
Joachim,Andersen,0,1,86,1931,29,87.7,562.0,81.0,5,305,73.2,5,0,4,5.3,46,DEF,18.7
Calvin,Bassey,1,0,55,1358,25,74.1,335.2,54.0,6,178,46.5,3,0,3,0.4,44,DEF,12.5
Timothy,Castagne,0,1,25,944,19,121.1,194.8,83.0,0,115,40.0,0,0,3,0.1,43,DEF,5.8
Issa,Diop,0,0,10,412,9,4.3,72.4,8.0,0,29,8.5,0,0,1,0.1,43,DEF,2.3
Jorge,Cuenca Barreno,0,0,34,753,7,24.6,195.2,10.0,1,133,23.1,2,0,4,0.1,43,DEF,7.9
Kenny,Tete,1,0,65,1346,18,137.2,322.4,79.0,5,251,53.9,5,0,2,0.3,45,DEF,14.4
Samuel,Amissah,0,0,0,0,0,0.0,0.0,0.0,0,0,0.0,0,0,0,0.1,38,DEF,0.0
Alex,Iwobi,2,2,58,1416,25,376.3,272.2,150.0,5,273,80.0,3,0,2,0.7,63,MID,9.2
Emile,Smith Rowe,3,1,54,1046,14,213.9,207.6,226.0,1,232,64.8,3,0,1,0.6,56,MID,9.6
Adama,Traoré Diarra,0,0,17,261,7,61.8,20.2,57.0,0,58,13.5,0,0,0,0.1,51,MID,3.3
Andreas,Hoelgebaum Pereira,0,0,0,0,0,0.0,0.0,0.0,0,0,0.0,0,0,0,0.1,53,MID,0.0
Ryan,Sessegnon,2,2,61,1218,21,123.2,266.8,137.0,5,213,52.4,4,0,0,0.2,54,MID,11.3
Harry,Wilson,8,6,114,1674,21,389.5,491.8,415.0,16,432,129.4,6,0,6,24.0,60,MID,19.0
Sander,Berge,0,2,57,1901,30,247.6,319.6,46.0,3,342,61.5,5,0,4,0.1,49,MID,11.6
Tom,Cairney,1,0,23,442,8,82.1,76.8,48.0,1,96,20.8,0,0,2,0.0,48,MID,4.8
Saša,Lukić,1,3,50,1208,17,338.7,232.0,119.0,3,225,68.9,4,0,6,0.1,49,MID,10.2
Martial,Godo,0,0,0,0,0,0.0,0.0,0.0,0,0,0.0,0,0,0,0.0,45,MID,0.0
Luke,Harris,0,0,0,0,0,0.0,0.0,0.0,0,0,0.0,0,0,0,0.0,45,MID,0.0
Josh,King,0,2,36,878,15,105.6,104.4,172.0,0,124,37.4,3,0,3,1.8,44,MID,8.2
Harrison,Reed,1,0,11,14,1,8.4,35.6,7.0,2,34,5.1,0,0,0,0.3,43,MID,2.6
Raúl,Jiménez Rodríguez,5,4,71,1485,18,240.3,296.6,494.0,5,262,102.7,5,0,4,2.1,62,FWD,11.5
Rodrigo,Muniz Carvalho,1,1,17,348,4,42.0,61.8,122.0,3,47,22.2,1,0,1,0.7,53,FWD,3.2
Benjamin,Lecomte,0,0,0,0,0,0.0,0.0,0.0,0,0,0.0,0,0,0,0.7,39,GK,0.0
Samuel,Chukwueze,3,4,41,424,10,151.6,205.6,147.0,1,167,50.5,0,0,0,0.1,53,MID,7.7
Kevin,Santos Lopes de Macedo,0,2,34,789,12,202.5,156.6,188.0,0,129,54.5,4,0,1,0.1,58,MID,5.9
Jonah,Kusi-Asare,0,0,4,30,2,11.4,1.2,8.0,0,11,2.1,0,0,1,0.1,45,FWD,0.9
Seth,Ridgeon,0,0,0,0,0,0.0,0.0,0.0,0,0,0.0,0,0,0,0.0,45,MID,0.0
Alfie,McNally,0,0,0,0,0,0.0,0.0,0.0,0,0,0.0,0,0,0,0.0,40,GK,0.0
Facundo,Buonanotte,0,0,1,50,1,25.4,6.0,13.0,0,4,4.5,0,0,1,0.1,46,MID,0.2
Illan,Meslier,0,0,0,0,0,0.0,0.0,0.0,0,0,0.0,0,0,0,0.3,42,GK,0.0
Alex,Cairns,0,0,0,0,0,0.0,0.0,0.0,0,0,0.0,0,0,0,0.2,39,GK,0.0
Karl,Darlow,0,0,18,630,9,0.0,135.2,0.0,0,88,13.6,1,0,0,2.0,39,GK,4.6
Jayden,Bogle,0,2,53,1750,31,165.9,224.8,122.0,0,145,51.4,4,0,4,0.2,44,DEF,12.0
Pascal,Struijk,0,1,68,1808,32,105.9,438.2,182.0,3,237,72.6,4,0,3,0.4,43,DEF,15.8
Jaka,Bijol,1,2,43,982,18,37.7,268.4,129.0,2,150,43.5,1,0,1,0.5,39,DEF,11.0
Sebastiaan,Bornauw,0,0,16,249,3,5.1,60.4,6.0,0,48,7.1,1,0,0,0.1,38,DEF,4.2
Sam,Byram,0,0,1,7,1,0.0,0.0,0.0,0,-2,0.0,0,0,0,0.2,38,DEF,0.3
Gabriel,Gudmundsson,0,0,55,1830,33,303.2,339.6,120.0,8,220,76.4,4,0,2,4.0,38,DEF,14.5
Joe,Rodon,2,0,68,1830,36,60.8,444.4,156.0,5,223,66.2,3,0,1,3.4,39,DEF,17.4
Isaac,Schmidt,0,0,0,0,0,0.0,0.0,0.0,0,0,0.0,0,0,0,0.1,40,DEF,0.0
Brenden,Aaronson,4,6,91,1416,20,318.3,364.2,353.0,5,322,103.5,5,0,1,0.8,54,MID,16.9
Wilfried,Gnonto,0,2,20,337,10,85.2,59.0,29.0,0,86,17.4,1,0,2,0.1,52,MID,3.8
Jack,Harrison,0,0,12,262,5,49.4,30.0,35.0,0,51,11.5,0,0,0,0.1,51,MID,2.4
Daniel,James,0,0,13,348,12,95.0,36.0,87.0,0,50,21.9,1,0,0,0.1,52,MID,2.5
Ethan,Ampadu,1,1,72,1769,31,206.1,363.4,80.0,5,334,65.2,4,0,7,0.1,49,MID,14.7
Sam,Greenwood,0,0,0,0,0,0.0,0.0,0.0,0,0,0.0,0,0,0,0.0,49,MID,0.0
Ilia,Gruev,0,2,33,795,16,85.2,101.0,8.0,0,157,19.2,4,0,2,0.1,47,MID,7.0
Largie,Ramazani,0,0,0,0,0,0.0,0.0,0.0,0,0,0.0,0,0,0,0.0,49,MID,0.0
Tanaka,Ao,2,0,43,737,16,127.1,140.0,78.0,2,166,34.5,2,0,1,0.2,48,MID,9.0
Charlie,Crew,0,0,0,0,0,0.0,0.0,0.0,0,0,0.0,0,0,0,0.0,45,MID,0.0
Joe,Gelhardt,0,0,0,0,0,0.0,0.0,0.0,0,0,0.0,0,0,0,0.0,45,MID,0.0
Darko,Gyabi,0,0,0,0,0,0.0,0.0,0.0,0,0,0.0,0,0,0,0.0,45,MID,0.0
Joël,Piroe,0,0,11,201,6,20.7,6.0,90.0,0,22,11.2,1,0,0,0.3,49,FWD,2.2
Patrick,Bamford,0,0,0,0,0,0.0,0.0,0.0,0,0,0.0,0,0,0,0.3,49,FWD,0.0
Mateo,Joseph Fernández-Regatillo,0,0,0,0,0,0.0,0.0,0.0,0,0,0.0,0,0,0,0.0,50,FWD,0.0
Lukas,Nmecha,5,0,49,602,14,44.9,196.2,283.0,6,181,52.5,2,0,0,0.6,50,FWD,9.8
Sean,Longstaff,1,2,41,882,15,341.1,228.2,58.0,4,224,62.7,1,0,1,0.2,48,MID,8.5
Anton,Stach,3,6,95,1613,29,632.0,437.4,230.0,8,377,130.1,3,0,3,2.6,49,MID,19.4
Lucas Estella,Perri,0,0,43,1440,29,0.0,322.4,0.0,3,153,32.2,3,0,2,0.3,45,GK,9.6
Dominic,Calvert-Lewin,9,2,93,1489,21,191.8,367.2,614.0,15,299,116.6,4,0,1,13.5,60,FWD,15.5
Noah,Okafor,2,2,53,1105,21,193.8,180.8,274.0,3,177,64.9,3,0,2,0.1,55,MID,9.6
James,Justin,1,0,36,609,10,49.2,147.4,85.0,4,104,28.3,2,0,1,0.3,39,DEF,9.2
Harry,Gray,0,0,0,0,0,0.0,0.0,0.0,0,0,0.0,0,0,0,0.1,45,FWD,0.0
Sam,Chambers,0,0,0,0,0,0.0,0.0,0.0,0,0,0.0,0,0,0,0.0,44,MID,0.0
Alisson,Becker,0,0,65,1620,22,0.1,307.4,0.0,6,261,30.7,6,0,0,6.0,54,GK,12.0
Giorgi,Mamardashvili,0,0,19,450,10,0.0,140.0,0.0,0,70,13.9,1,0,0,0.6,42,GK,4.5
Ármin,Pécsi,0,0,0,0,0,0.0,0.0,0.0,0,0,0.0,0,0,0,0.5,38,GK,0.0
Freddie,Woodman,0,0,0,0,0,0.0,0.0,0.0,0,0,0.0,0,0,0,0.2,39,GK,0.0
Jeremie,Frimpong,0,4,34,538,7,140.8,83.2,103.0,0,136,32.8,2,0,0,6.6,58,DEF,5.9
Milos,Kerkez,1,0,53,1535,24,330.0,314.6,110.0,4,241,75.6,4,0,4,2.9,56,DEF,9.5
Andrew,Robertson,0,0,25,538,8,180.3,115.6,57.0,2,112,35.4,2,0,0,1.0,57,DEF,4.4
Virgil,van Dijk,1,0,90,2070,32,135.0,656.0,212.0,4,343,100.2,7,0,3,22.0,59,DEF,15.3
Ibrahima,Konaté,0,0,81,1876,26,107.5,478.2,73.0,6,315,66.1,7,0,5,3.0,54,DEF,15.0
Conor,Bradley,0,2,42,928,13,105.2,157.4,62.0,2,157,32.3,4,0,5,0.2,50,DEF,8.4
Joe,Gomez,0,2,25,279,7,56.9,74.8,22.0,2,70,15.3,2,0,2,0.1,49,DEF,5.1
Konstantinos,Tsimikas,0,0,0,0,0,0.0,0.0,0.0,0,0,0.0,0,0,0,0.0,48,DEF,0.0
Amara,Nallo,0,0,0,0,0,0.0,0.0,0.0,0,0,0.0,0,0,0,1.0,37,DEF,0.0
Rhys,Williams,0,0,0,0,0,0.0,0.0,0.0,0,0,0.0,0,0,0,0.3,37,DEF,0.0
Calvin,Ramsay,0,0,0,0,0,0.0,0.0,0.0,0,0,0.0,0,0,0,0.2,38,DEF,0.0
Mohamed,Salah,4,4,69,1273,24,485.7,308.4,501.0,5,218,129.5,4,0,1,14.3,140,MID,4.9
Florian,Wirtz,3,2,83,1584,20,604.3,324.4,446.0,14,345,137.5,7,0,1,13.0,83,MID,10.0
Luis,Díaz Marulanda,0,0,0,0,0,0.0,0.0,0.0,0,0,0.0,0,0,0,0.0,80,MID,0.0
Cody,Gakpo,5,3,80,1494,23,433.0,325.0,504.0,5,294,126.1,5,0,1,5.7,73,MID,11.0
Federico,Chiesa,2,1,28,230,6,33.0,111.0,106.0,0,107,24.9,0,0,2,0.3,63,MID,4.4
Alexis,Mac Allister,0,2,46,1456,21,283.4,220.2,178.0,0,234,68.2,5,0,3,1.2,62,MID,7.4
Dominik,Szoboszlai,3,2,84,1972,31,719.3,467.0,251.0,11,435,143.6,7,0,5,5.7,66,MID,12.7
Curtis,Jones,0,2,40,1081,20,291.0,209.6,106.0,1,247,60.5,2,0,1,0.1,54,MID,7.4
Ryan,Gravenberch,4,3,97,1848,26,319.7,463.6,125.0,13,444,90.8,7,0,4,5.7,57,MID,17.0
Endo,Wataru,0,1,8,99,5,16.0,41.4,0.0,0,32,5.7,0,0,1,0.1,49,MID,1.6
Stefan,Bajčetić Maquieira,0,0,0,0,0,0.0,0.0,0.0,0,0,0.0,0,0,0,0.0,43,MID,0.0
James,McConnell,0,0,0,0,0,0.0,0.0,0.0,0,0,0.0,0,0,0,0.0,44,MID,0.0
Tyler,Morton,0,0,0,0,0,0.0,0.0,0.0,0,0,0.0,0,0,0,0.0,45,MID,0.0
Trey,Nyoni,0,0,2,2,0,10.3,2.2,0.0,0,5,1.3,0,0,0,0.3,43,MID,0.5
Darwin,Núñez Ribeiro,0,0,0,0,0,0.0,0.0,0.0,0,0,0.0,0,0,0,0.1,65,FWD,0.0
Jayden,Danns,0,0,0,0,0,0.0,0.0,0.0,0,0,0.0,0,0,0,0.1,43,FWD,0.0
Alexander,Isak,2,1,29,501,7,36.5,97.6,143.0,2,96,26.9,1,0,0,3.6,103,FWD,2.8
Hugo,Ekitiké,8,2,87,1249,17,207.0,367.2,514.0,16,306,107.8,5,0,0,25.1,88,FWD,9.9
Rio,Ngumoha,1,0,13,76,3,59.7,50.8,41.0,0,56,15.3,0,0,0,0.7,43,MID,3.0
Giovanni,Leoni,0,0,0,0,0,0.0,0.0,0.0,0,0,0.0,0,0,0,0.0,49,DEF,0.0
Kieran,Morrison,0,0,0,0,0,0.0,0.0,0.0,0,0,0.0,0,0,0,0.0,45,MID,0.0
Wellity,Lucky,0,0,0,0,0,0.0,0.0,0.0,0,0,0.0,0,0,0,0.0,40,DEF,0.0
Antoine,Semenyo,11,5,130,1980,40,382.6,601.0,660.0,14,429,164.5,6,0,6,48.1,78,MID,16.7
James,Trafford,0,0,11,270,4,0.0,100.2,0.0,0,62,10.1,1,0,0,0.9,45,GK,2.4
Marc,Guéhi,2,4,111,1890,23,153.5,515.8,233.0,8,403,90.3,8,0,4,37.5,52,DEF,21.3
Ederson,Santana de Moraes,0,0,0,0,0,0.0,0.0,0.0,0,0,0.0,0,0,0,0.8,53,GK,0.0
Stefan,Ortega Moreno,0,0,0,0,0,0.0,0.0,0.0,0,0,0.0,0,0,0,0.2,47,GK,0.0
Marcus,Bettinelli,0,0,0,0,0,0.0,0.0,0.0,0,0,0.0,0,0,0,0.2,38,GK,0.0
Rayan,Aït-Nouri,0,0,13,214,2,39.3,46.6,11.0,1,42,9.7,1,0,1,3.8,57,DEF,2.3
Joško,Gvardiol,2,2,77,1301,13,104.7,354.6,193.0,5,291,65.3,6,0,2,4.0,59,DEF,13.1
Manuel,Akanji,0,0,0,0,0,0.0,0.0,0.0,0,0,0.0,0,0,0,0.3,54,DEF,0.0
Nathan,Aké,0,0,25,484,7,83.1,93.6,25.0,1,106,20.3,2,0,1,0.6,53,DEF,4.7
Abdukodir,Khusanov,0,0,24,559,5,30.4,112.2,0.0,0,117,14.3,2,0,1,0.4,54,DEF,4.4
Matheus,Nunes,1,5,105,1665,16,257.4,443.0,54.0,14,427,75.7,8,0,4,3.3,54,DEF,19.4
Rúben,dos Santos Gato Alves Dias,2,0,95,1705,16,91.8,458.0,94.0,3,380,64.5,10,0,2,3.6,56,DEF,17.0
John,Stones,0,0,12,351,8,19.6,76.6,2.0,0,45,9.8,1,0,0,0.6,54,DEF,2.2
Rico,Lewis,0,1,19,311,5,97.3,67.4,43.0,2,75,20.7,1,0,1,1.3,46,DEF,4.1
Nico,O'Reilly,1,3,84,1611,15,276.4,364.8,203.0,2,326,84.5,9,0,4,6.3,51,DEF,16.5
Vitor,de Oliveira Nunes dos Reis,0,0,0,0,0,0.0,0.0,0.0,0,0,0.0,0,0,0,0.0,50,DEF,0.0
Omar,Marmoush,1,1,26,277,3,57.9,79.8,124.0,4,83,26.0,1,0,0,2.4,83,MID,3.1
Phil,Foden,7,2,102,1641,14,686.8,450.2,366.0,10,440,150.0,9,0,3,19.6,85,MID,12.0
Sávio,Moreira de Oliveira,0,2,26,531,5,138.1,75.0,218.0,0,87,43.1,2,0,1,0.4,69,MID,3.8
Bernardo,Mota Veiga de Carvalho e Silva,0,3,54,1662,17,368.2,226.2,105.0,0,265,69.8,8,0,5,0.5,62,MID,8.7
Rayan,Cherki,2,8,80,951,9,538.1,346.8,290.0,11,343,117.7,5,0,1,11.8,66,MID,12.1
Jérémy,Doku,1,7,72,1179,13,557.2,302.0,380.0,9,305,123.8,5,0,0,3.0,64,MID,11.2
İlkay,Gündoğan,0,0,0,0,0,0.0,0.0,0.0,0,0,0.0,0,0,0,0.1,63,MID,0.0
Rodrigo 'Rodri',Hernandez Cascante,0,0,25,633,6,169.7,137.4,33.0,1,142,34.0,2,0,1,0.4,63,MID,4.0
Mateo,Kovačić,0,0,1,4,0,0.8,2.6,0.0,0,3,0.3,0,0,0,0.0,59,MID,0.2
Nico,González Iglesias,1,0,55,1331,13,183.5,269.0,64.0,1,287,51.6,7,0,4,0.1,59,MID,9.3
Oscar,Bobb,0,1,18,464,5,154.3,69.8,87.0,0,82,31.2,2,0,1,0.2,51,MID,3.5
Claudio,Echeverri,0,0,0,0,0,0.0,0.0,0.0,0,0,0.0,0,0,0,0.0,54,MID,0.0
Tijjani,Reijnders,5,2,82,1402,15,301.2,320.2,377.0,6,312,99.1,7,0,2,11.4,52,MID,15.8
Sverre,Nypan,0,0,0,0,0,0.0,0.0,0.0,0,0,0.0,0,0,0,0.0,50,MID,0.0
Kalvin,Phillips,0,0,0,0,0,0.0,0.0,0.0,0,0,0.0,0,0,0,0.1,48,MID,0.0
Erling,Haaland,20,4,166,1918,20,154.3,828.6,1033.0,31,676,201.7,10,0,0,72.8,151,FWD,11.0
Gianluigi,Donnarumma,0,0,79,1800,17,0.0,387.8,0.0,2,343,38.9,9,0,5,9.5,57,GK,13.9
Divine,Mukasa,0,0,2,25,0,28.3,4.2,4.0,0,5,3.7,0,0,0,0.0,44,MID,0.5
Stephen,Mfuni,0,0,0,0,0,0.0,0.0,0.0,0,0,0.0,0,0,0,0.0,39,DEF,0.0
Ryan,McAidoo,0,0,0,0,0,0.0,0.0,0.0,0,0,0.0,0,0,0,0.0,45,MID,0.0
Charlie,Gray,0,0,0,0,0,0.0,0.0,0.0,0,0,0.0,0,0,0,0.0,45,MID,0.0
Reigan,Heskey,0,0,0,0,0,0.0,0.0,0.0,0,0,0.0,0,0,0,0.0,45,MID,0.0
Max,Alleyne,0,0,5,135,1,14.8,34.0,26.0,0,27,7.5,0,0,0,0.0,44,DEF,1.1
Bryan,Mbeumo,8,1,93,1543,26,499.0,438.2,605.0,14,344,154.2,3,0,3,14.9,83,MID,11.2
Altay,Bayındır,0,0,11,540,11,10.0,118.4,0.0,0,49,12.8,0,0,0,0.3,47,GK,2.3
André,Onana,0,0,0,0,0,0.0,0.0,0.0,0,0,0.0,0,0,0,0.1,49,GK,0.0
Elyh,Harrison,0,0,0,0,0,0.0,0.0,0.0,0,0,0.0,0,0,0,0.0,40,GK,0.0
Tom,Heaton,0,0,0,0,0,0.0,0.0,0.0,0,0,0.0,0,0,0,0.3,39,GK,0.0
Dermot,Mee,0,0,0,0,0,0.0,0.0,0.0,0,0,0.0,0,0,0,0.1,39,GK,0.0
Matthijs,de Ligt,1,0,43,1170,20,60.2,276.6,122.0,5,169,45.7,1,0,0,1.9,49,DEF,8.8
Lisandro,Martínez,0,0,29,634,8,57.8,154.6,10.0,2,112,22.4,2,0,0,0.6,48,DEF,6.0
Noussair,Mazraoui,0,0,18,441,5,51.1,106.6,14.0,2,96,17.1,1,0,1,0.2,49,DEF,3.7
Diego,León Blanco,0,0,0,0,0,0.0,0.0,0.0,0,0,0.0,0,0,0,0.1,42,DEF,0.0
Diogo,Dalot Teixeira,1,5,71,1584,28,278.8,317.2,113.0,5,228,70.9,4,0,3,3.4,45,DEF,15.8
Patrick,Dorgu,3,3,74,1329,20,354.1,402.4,262.0,8,261,101.9,3,0,5,10.0,44,DEF,16.8
Harry,Maguire,1,1,42,521,6,17.1,124.0,47.0,3,112,18.9,3,0,0,0.6,43,DEF,9.8
Luke,Shaw,0,1,53,1998,31,218.4,342.2,35.0,0,236,59.6,4,0,4,0.6,45,DEF,11.8
Leny,Yoro,0,1,35,1133,24,61.3,194.6,73.0,1,105,32.8,1,0,0,1.3,42,DEF,8.3
Harry,Amass,0,0,0,0,0,0.0,0.0,0.0,0,0,0.0,0,0,0,0.1,40,DEF,0.0
Tyler,Fredricson,0,0,1,2,0,0.0,4.0,0.0,0,4,0.4,0,0,0,0.1,38,DEF,0.3
Ayden,Heaven,0,1,26,636,12,27.2,175.6,26.0,0,107,22.9,1,0,1,2.3,38,DEF,6.8
Tyrell,Malacia,0,0,1,2,0,0.0,3.0,0.0,0,3,0.3,0,0,0,0.4,38,DEF,0.3
Bruno,Borges Fernandes,5,10,121,1715,30,932.6,687.2,344.0,21,533,196.7,2,0,2,23.3,94,MID,12.9
Matheus,Santos Carneiro da Cunha,5,2,79,1412,22,322.2,388.6,474.0,9,327,118.6,3,0,1,7.7,80,MID,9.9
Marcus,Rashford,0,0,0,0,0,0.0,0.0,0.0,0,0,0.0,0,0,0,0.0,70,MID,0.0
Amad,Diallo,2,4,61,1380,20,396.1,295.8,332.0,6,293,102.5,3,0,1,1.4,62,MID,9.8
Antony,dos Santos,0,0,0,0,0,0.0,0.0,0.0,0,0,0.0,0,0,0,0.1,59,MID,0.0
Mason,Mount,3,0,46,812,14,198.5,162.4,158.0,3,164,51.9,3,0,0,0.4,59,MID,7.8
Carlos Henrique,Casimiro,4,3,92,1474,19,290.6,426.6,287.0,11,347,100.6,5,1,5,1.3,55,MID,16.7
Kobbie,Mainoo,0,1,20,408,9,121.0,91.0,29.0,0,83,24.1,1,0,0,0.5,46,MID,4.3
Manuel,Ugarte Ribeiro,0,0,29,730,18,60.7,116.6,32.0,0,147,20.7,1,0,1,0.2,47,MID,6.2
Toby,Collyer,0,0,0,0,0,0.0,0.0,0.0,0,0,0.0,0,0,0,0.0,45,MID,0.0
Jayce,Fitzgerald,0,0,0,0,0,0.0,0.0,0.0,0,0,0.0,0,0,0,0.0,43,MID,0.0
Jack,Fletcher,0,0,3,107,0,24.4,18.6,5.0,0,10,4.8,0,0,0,0.1,43,MID,0.7
Sékou,Koné,0,0,0,0,0,0.0,0.0,0.0,0,0,0.0,0,0,0,0.1,43,MID,0.0
Jack,Moorhouse,0,0,0,0,0,0.0,0.0,0.0,0,0,0.0,0,0,0,0.0,45,MID,0.0
Rasmus,Højlund,0,0,0,0,0,0.0,0.0,0.0,0,0,0.0,0,0,0,0.3,63,FWD,0.0
Joshua,Zirkzee,2,1,33,481,7,129.2,141.0,166.0,6,116,43.3,1,0,1,0.4,58,FWD,5.7
Chido,Obi,0,0,0,0,0,0.0,0.0,0.0,0,0,0.0,0,0,0,1.7,42,FWD,0.0
Ethan,Wheatley,0,0,0,0,0,0.0,0.0,0.0,0,0,0.0,0,0,0,0.1,45,FWD,0.0
Benjamin,Sesko,4,2,56,1047,21,125.2,227.4,486.0,8,171,83.1,1,0,1,3.3,72,FWD,7.8
Senne,Lammens,0,0,49,1530,23,0.0,320.6,2.0,4,187,32.3,3,0,0,1.8,50,GK,9.8
Shea,Lacey,0,0,2,12,0,1.5,4.0,11.0,0,8,1.5,0,0,0,0.0,45,MID,0.4
Bendito,Mantato,0,0,1,15,0,11.7,2.2,0.0,0,3,1.4,0,0,0,0.0,45,MID,0.2
Tyler,Fletcher,0,0,0,0,0,0.0,0.0,0.0,0,0,0.0,0,0,0,0.0,45,MID,0.0
Godwill,Kukonki,0,0,0,0,0,0.0,0.0,0.0,0,0,0.0,0,0,0,0.0,40,DEF,0.0
Jacob,Ramsey,0,0,15,547,12,142.4,68.8,68.0,0,89,28.0,0,0,2,0.2,53,MID,2.8
Yoane,Wissa,1,0,15,325,4,33.0,43.6,122.0,0,51,19.4,1,0,1,0.9,73,FWD,2.1
Nick,Pope,0,1,74,1516,19,0.0,414.6,0.0,3,311,41.5,7,0,1,5.0,51,GK,14.5
Mark,Gillespie,0,0,0,0,0,0.0,0.0,0.0,0,0,0.0,0,0,0,0.1,39,GK,0.0
Odysseas,Vlachodimos,0,0,0,0,0,0.0,0.0,0.0,0,0,0.0,0,0,0,0.0,40,GK,0.0
Lewis,Hall,0,2,52,1120,18,214.0,299.4,96.0,4,231,60.9,3,0,1,3.1,53,DEF,9.8
Fabian,Schär,0,0,51,1089,13,63.6,291.2,108.0,0,186,46.4,4,0,1,1.4,53,DEF,9.6
Sven,Botman,0,1,44,880,13,47.6,244.6,73.0,4,178,36.5,4,0,1,0.4,49,DEF,9.0
Dan,Burn,0,3,67,1255,17,72.4,270.2,60.0,5,196,40.3,6,1,3,3.2,50,DEF,13.4
Tino,Livramento,0,1,49,1048,10,178.1,190.8,36.0,3,218,40.5,5,0,1,2.0,49,DEF,10.0
Kieran,Trippier,0,0,37,879,12,285.4,145.2,5.0,2,157,43.4,5,0,1,1.3,49,DEF,7.6
Emil,Krafth,0,0,0,45,2,1.2,1.4,0.0,0,-8,0.3,0,0,0,0.0,43,DEF,0.0
Jamaal,Lascelles,0,0,1,19,2,0.0,10.2,7.0,0,0,1.7,0,0,0,0.1,43,DEF,0.2
Alex,Murphy,0,0,0,0,0,0.0,0.0,0.0,0,0,0.0,0,0,0,0.7,38,DEF,0.0
Harrison,Ashby,0,0,0,0,0,0.0,0.0,0.0,0,0,0.0,0,0,0,0.1,39,DEF,0.0
Miodrag,Pivaš,0,0,0,0,0,0.0,0.0,0.0,0,0,0.0,0,0,0,0.4,38,DEF,0.0
Matt,Targett,0,0,0,0,0,0.0,0.0,0.0,0,0,0.0,0,0,0,0.1,40,DEF,0.0
Anthony,Gordon,2,3,55,1127,18,313.9,200.2,284.0,4,194,79.4,6,1,2,4.3,73,MID,7.5
Anthony,Elanga,0,1,29,725,15,145.7,81.6,109.0,0,99,33.6,2,0,0,2.6,65,MID,4.5
Harvey,Barnes,5,0,70,1122,14,256.9,277.8,441.0,8,233,97.4,4,0,0,1.6,61,MID,11.5
Bruno,Guimarães Rodriguez Moura,8,5,120,1839,27,542.4,606.4,342.0,18,526,149.1,6,0,4,18.8,72,MID,16.7
Jacob,Murphy,2,1,51,1005,9,299.6,209.2,266.0,2,209,77.3,6,0,0,0.6,59,MID,8.6
Joelinton Cássio,Apolinário de Lira,2,0,56,1364,18,209.3,254.6,269.0,2,239,73.4,5,0,6,0.4,59,MID,9.5
Sandro,Tonali,0,1,56,1576,18,305.7,262.8,141.0,1,303,71.2,7,0,3,1.0,53,MID,10.6
Antoñito,Cordero Campillo,0,0,0,0,0,0.0,0.0,0.0,0,0,0.0,0,0,0,0.0,49,MID,0.0
Joe,Willock,0,0,15,239,3,49.9,36.0,27.0,0,57,11.1,2,0,1,0.1,50,MID,3.0
Isaac,Hayden,0,0,0,0,0,0.0,0.0,0.0,0,0,0.0,0,0,0,0.0,45,MID,0.0
Garang,Kuol,0,0,0,0,0,0.0,0.0,0.0,0,0,0.0,0,0,0,0.0,44,MID,0.0
Lewis,Miley,1,3,58,1133,16,214.3,275.0,132.0,4,271,62.1,2,0,0,3.5,45,MID,12.9
Joe,White,0,0,0,0,0,0.0,0.0,0.0,0,0,0.0,0,0,0,0.0,45,MID,0.0
William,Osula,1,1,18,213,4,14.2,41.2,68.0,0,60,12.1,1,0,0,0.2,54,FWD,3.3
Sean,Neave,0,0,0,0,0,0.0,0.0,0.0,0,0,0.0,0,0,0,0.2,43,FWD,0.0
Aaron,Ramsdale,0,0,11,553,10,10.0,97.4,0.0,0,45,10.8,0,0,0,0.7,48,GK,2.3
Malick,Thiaw,3,0,85,1667,26,62.0,522.4,198.0,10,288,78.0,4,0,3,5.9,51,DEF,16.7
Seung-Soo,Park,0,0,0,0,0,0.0,0.0,0.0,0,0,0.0,0,0,0,0.3,43,MID,0.0
Nick,Woltemade,7,3,81,1352,19,164.9,341.6,372.0,10,285,86.8,6,0,0,12.6,71,FWD,11.4
John,Ruddy,0,0,0,0,0,0.0,0.0,0.0,0,0,0.0,0,0,0,0.0,40,GK,0.0
Leo,Shahar,0,0,0,0,0,0.0,0.0,0.0,0,0,0.0,0,0,0,0.0,40,DEF,0.0
Sam,Alabi,0,0,0,0,0,0.0,0.0,0.0,0,0,0.0,0,0,0,0.0,45,MID,0.0
Oleksandr,Zinchenko,0,0,7,352,6,83.4,80.8,22.0,0,56,18.6,0,0,0,0.2,49,DEF,1.4
James,McAtee,0,0,6,169,7,44.9,16.2,8.0,0,24,7.0,0,0,1,0.1,50,MID,1.2
Matz,Sels,0,0,60,1632,26,10.0,416.2,0.0,3,240,42.6,4,0,1,5.5,46,GK,13.0
Carlos Miguel,dos Santos Pereira,0,0,0,0,0,0.0,0.0,0.0,0,0,0.0,0,0,0,0.1,40,GK,0.0
Matt,Turner,0,0,0,0,0,0.0,0.0,0.0,0,0,0.0,0,0,0,0.1,40,GK,0.0
Nikola,Milenković,0,0,66,2070,34,36.0,424.2,88.0,1,230,55.1,5,0,4,3.2,51,DEF,12.9
Murillo,Costa dos Santos,1,0,62,1459,22,77.2,401.4,67.0,3,227,54.7,4,0,3,1.9,52,DEF,11.9
Ola,Aina,0,1,25,608,8,69.3,116.0,41.0,2,86,22.7,2,0,2,2.0,47,DEF,5.3
Neco,Williams,1,1,73,2070,34,343.2,514.6,216.0,7,344,107.6,5,0,4,3.2,47,DEF,15.5
David,Mota Veiga Teixeira do Carmo,0,0,0,0,0,0.0,0.0,0.0,0,0,0.0,0,0,0,0.0,45,DEF,0.0
Jair,Paula da Cunha Filho,0,0,3,90,2,0.4,26.0,0.0,0,9,2.6,0,0,0,0.1,42,DEF,0.7
Felipe,Rodrigues da Silva,0,0,22,712,14,9.1,169.2,5.0,1,89,18.3,1,0,4,0.1,43,DEF,5.1
Omar,Richards,0,0,0,0,0,0.0,0.0,0.0,0,0,0.0,0,0,0,0.0,45,DEF,0.0
Zach,Abbott,0,0,1,45,1,0.6,15.6,0.0,0,5,1.6,0,0,0,0.3,38,DEF,0.3
Willy,Boly,0,0,0,0,0,0.0,0.0,0.0,0,0,0.0,0,0,0,0.4,38,DEF,0.0
Morgan,Gibbs-White,5,2,90,1962,31,412.3,363.0,416.0,7,354,118.9,5,0,0,3.1,73,MID,12.3
Callum,Hudson-Odoi,3,1,59,1294,19,380.9,245.2,206.0,6,237,83.0,3,0,0,0.8,57,MID,10.4
Elliot,Anderson,1,3,97,2070,34,567.7,499.8,150.0,4,450,122.1,5,0,4,4.6,53,MID,18.3
João Pedro,Ferreira da Silva,0,0,1,11,0,0.5,5.0,4.0,0,6,1.0,0,0,0,0.0,54,MID,0.2
Nicolás,Domínguez,1,0,31,712,11,137.3,143.4,82.0,3,117,36.4,3,0,2,0.0,50,MID,6.2
Lewis,O'Brien,0,0,0,0,0,0.0,0.0,0.0,0,0,0.0,0,0,0,0.0,50,MID,0.0
Ibrahim,Sangaré,2,2,55,1044,13,82.7,267.8,81.0,2,213,43.2,5,0,2,0.1,49,MID,11.2
Ryan,Yates,0,1,15,299,5,27.0,64.2,25.0,0,67,11.5,0,0,1,0.1,47,MID,3.2
Eric,da Silva Moreira,0,0,0,0,0,0.0,0.0,0.0,0,0,0.0,0,0,0,0.1,45,MID,0.0
Marko,Stamenić,0,0,0,0,0,0.0,0.0,0.0,0,0,0.0,0,0,0,0.0,45,MID,0.0
Chris,Wood,2,0,25,538,8,49.6,77.6,179.0,3,85,29.8,1,0,0,4.7,72,FWD,3.5
Igor Jesus,Maciel da Cruz,2,2,55,1285,23,111.7,160.0,383.0,6,174,63.1,5,0,0,1.0,58,FWD,9.5
Taiwo,Awoniyi,1,0,13,204,2,41.8,52.4,101.0,1,59,19.6,0,0,0,0.3,52,FWD,2.5
Dan,Ndoye,1,2,42,1011,16,153.0,144.6,136.0,4,144,43.5,2,0,1,0.7,55,MID,7.6
Angus,Gunn,0,0,0,0,0,0.0,0.0,0.0,0,0,0.0,0,0,0,1.2,40,GK,0.0
Omari,Hutchinson,1,4,49,907,15,295.5,189.6,218.0,3,192,70.0,2,0,0,0.1,54,MID,9.1
Arnaud,Kalimuendo,0,0,9,89,3,17.7,6.8,39.0,0,24,6.3,0,0,0,0.1,60,FWD,1.5
Douglas Luiz,Soares de Paulo,0,1,11,314,7,77.4,46.6,25.0,0,64,14.9,0,0,2,0.0,49,MID,2.2
John Victor,Maciel Furtado,0,0,11,437,8,0.0,56.4,0.0,0,32,5.7,1,0,1,0.4,40,GK,2.8
Nicolò,Savona,2,0,39,1025,18,123.2,216.6,94.0,0,131,43.5,3,0,2,0.1,45,DEF,8.7
Luis Eduardo,Soares da Silva,0,0,0,0,0,0.0,0.0,0.0,0,0,0.0,0,0,0,0.0,45,DEF,0.0
Dilane,Bakwa,0,1,12,302,7,108.8,49.8,71.0,0,53,23.0,0,0,1,0.0,59,MID,2.0
Lorenzo,Lucca,0,0,0,0,0,0.0,0.0,0.0,0,0,0.0,0,0,0,0.0,55,FWD,0.0
Anthony,Patterson,0,0,0,0,0,0.0,0.0,0.0,0,0,0.0,0,0,0,0.2,42,GK,0.0
Simon,Moore,0,0,0,0,0,0.0,0.0,0.0,0,0,0.0,0,0,0,0.4,39,GK,0.0
Blondy,Nna Noukeu,0,0,0,0,0,0.0,0.0,0.0,0,0,0.0,0,0,0,0.1,39,GK,0.0
Daniel,Ballard,2,1,83,1401,19,98.6,458.4,313.0,7,246,87.0,4,0,3,3.1,46,DEF,18.0
Trai,Hume,0,1,66,1876,24,234.6,306.8,150.0,4,234,68.2,6,0,6,0.3,45,DEF,14.7
Aji,Alese,0,0,0,0,0,0.0,0.0,0.0,0,0,0.0,0,0,0,0.0,40,DEF,0.0
Joe,Anderson,0,0,0,0,0,0.0,0.0,0.0,0,0,0.0,0,0,0,0.4,38,DEF,0.0
Dennis,Cirkin,0,0,13,296,2,8.7,58.2,2.0,0,44,6.8,1,0,1,0.1,40,DEF,3.2
Leo Fuhr,Hjelde,0,0,0,0,0,0.0,0.0,0.0,0,0,0.0,0,0,0,0.0,40,DEF,0.0
Niall,Huggins,0,0,0,0,0,0.0,0.0,0.0,0,0,0.0,0,0,0,0.1,40,DEF,0.0
Zak,Johnson,0,0,0,0,0,0.0,0.0,0.0,0,0,0.0,0,0,0,0.2,38,DEF,0.0
Luke,O'Nien,0,0,1,18,0,1.0,5.4,0.0,0,4,0.6,0,1,0,0.1,40,DEF,0.2
Timothée,Pembélé,0,0,0,0,0,0.0,0.0,0.0,0,0,0.0,0,0,0,0.3,39,DEF,0.0
Reinildo,Mandava,0,1,38,1157,16,50.2,208.4,25.0,3,132,28.5,3,1,5,2.8,38,DEF,10.0
Jenson,Seelt,0,0,2,133,2,2.4,33.6,0.0,0,11,3.6,0,0,0,0.1,40,DEF,0.5
Simon,Adingra,1,1,34,649,8,116.8,81.4,75.0,3,81,27.0,4,0,2,0.4,49,MID,6.9
Habib,Diarra,0,1,13,416,2,34.9,19.6,47.0,0,26,9.5,2,0,2,0.0,53,MID,2.5
Patrick,Roberts,0,0,1,27,1,7.3,1.8,5.0,0,4,1.4,0,0,0,0.0,54,MID,0.2
Milan,Aleksić,0,0,0,0,0,0.0,0.0,0.0,0,0,0.0,0,0,0,0.0,49,MID,0.0
Enzo,Le Fée,3,4,81,1755,23,483.6,404.2,165.0,7,326,105.4,6,0,5,1.4,49,MID,16.5
Romaine,Mundle,0,0,10,302,6,29.3,24.6,46.0,0,37,9.7,0,0,1,0.0,49,MID,2.0
Dan,Neil,0,0,3,13,0,1.4,3.0,0.0,0,10,0.4,0,0,0,0.0,48,MID,0.6
Ian,Poveda-Ocampo,0,0,0,0,0,0.0,0.0,0.0,0,0,0.0,0,0,0,0.0,48,MID,0.0
Chris,Rigg,0,0,15,375,2,48.4,20.2,21.0,0,48,8.9,2,0,0,0.0,47,MID,3.2
Noah,Sadiki,0,1,45,1594,21,166.9,191.8,46.0,0,232,40.6,5,0,5,0.1,49,MID,9.2
Chemsdine,Talbi,2,2,52,926,8,144.6,133.2,124.0,5,150,39.7,5,0,0,0.1,49,MID,10.6
Abdoullah,Ba,0,0,0,0,0,0.0,0.0,0.0,0,0,0.0,0,0,0,0.4,43,MID,0.0
Alan,Browne,0,0,0,0,0,0.0,0.0,0.0,0,0,0.0,0,0,0,0.0,45,MID,0.0
Pierre,Ekwah Elimby,0,0,0,0,0,0.0,0.0,0.0,0,0,0.0,0,0,0,0.0,45,MID,0.0
Harrison,Jones,0,0,0,0,0,0.0,0.0,0.0,0,0,0.0,0,0,0,0.1,43,MID,0.0
Jay,Matete,0,0,0,0,0,0.0,0.0,0.0,0,0,0.0,0,0,0,0.2,43,MID,0.0
Nectarios,Triantis,0,0,0,0,0,0.0,0.0,0.0,0,0,0.0,0,0,0,0.0,44,MID,0.0
Wilson,Isidor,4,0,51,985,13,22.2,161.4,351.0,7,169,53.3,4,0,1,1.6,52,FWD,9.8
Eliezer,Mayenda Dossou,1,0,26,572,7,42.0,73.4,131.0,2,86,24.3,3,0,0,0.5,52,FWD,5.0
Ahmed,Abdullahi,0,0,0,0,0,0.0,0.0,0.0,0,0,0.0,0,0,0,0.4,42,FWD,0.0
Luís Hemir,Silva Semedo,0,0,0,0,0,0.0,0.0,0.0,0,0,0.0,0,0,0,0.1,44,FWD,0.0
Nazarii,Rusyn,0,0,0,0,0,0.0,0.0,0.0,0,0,0.0,0,0,0,0.1,44,FWD,0.0
Granit,Xhaka,1,5,90,1962,23,420.4,521.2,77.0,5,426,101.8,7,0,4,6.3,52,MID,17.3
Robin,Roefs,0,0,98,2070,26,40.0,624.8,0.0,9,425,66.4,7,0,2,13.0,50,GK,19.6
Arthur,Masuaku,0,0,1,125,2,20.1,21.8,7.0,0,4,4.9,0,0,1,0.5,39,DEF,0.3
Omar,Alderete,1,1,79,1649,21,83.6,471.0,195.0,5,257,75.3,6,0,4,6.5,41,DEF,19.3
Nordi,Mukiele,1,4,102,1882,24,221.4,516.4,111.0,8,344,84.9,6,0,4,12.6,45,DEF,22.7
Lutsharel,Geertruida,0,0,32,970,14,63.6,156.2,34.0,0,145,25.4,2,0,0,0.0,45,DEF,7.1
Brian,Brobbey,5,1,56,871,12,59.6,215.0,218.0,8,212,48.4,3,0,1,1.2,55,FWD,10.2
Bertrand,Traoré,1,1,28,607,9,108.1,115.6,135.0,1,114,35.9,3,0,1,0.0,55,MID,5.1
Jenson,Jones,0,0,0,0,0,0.0,0.0,0.0,0,0,0.0,0,0,0,0.0,40,DEF,0.0
Tymur,Tutierov,0,0,0,0,0,0.0,0.0,0.0,0,0,0.0,0,0,0,0.0,45,MID,0.0
Djiamgone Jocelin Ta,Bi,0,0,0,0,0,0.0,0.0,0.0,0,0,0.0,0,0,0,0.0,50,MID,0.0
Guglielmo,Vicario,0,0,77,2070,31,0.1,511.6,0.0,6,352,51.3,7,0,1,6.6,48,GK,16.0
Brandon,Austin,0,0,0,0,0,0.0,0.0,0.0,0,0,0.0,0,0,0,0.3,39,GK,0.0
Antonín,Kinský,0,0,0,0,0,0.0,0.0,0.0,0,0,0.0,0,0,0,1.7,39,GK,0.0
Pedro,Porro Sauceda,0,3,79,1820,24,517.6,414.6,89.0,4,344,102.3,7,0,5,12.5,52,DEF,15.2
Cristian,Romero,4,1,92,1637,25,110.1,538.2,202.0,10,308,85.1,5,1,8,4.2,50,DEF,18.4
Kevin,Danso,0,0,27,658,12,9.1,194.2,8.0,1,111,21.2,2,0,4,0.1,42,DEF,6.4
Ben,Davies,1,0,10,136,3,22.2,67.4,52.0,1,29,14.2,0,0,1,0.1,43,DEF,2.3
Radu,Drăgușin,0,0,2,6,0,0.3,0.2,4.0,0,5,0.4,0,0,0,0.0,45,DEF,0.4
Djed,Spence,0,0,55,1506,21,171.0,216.2,147.0,1,224,53.3,7,0,3,1.1,43,DEF,12.8
Destiny,Udogie,0,1,14,650,14,101.0,121.8,61.0,0,56,28.4,0,0,1,0.3,43,DEF,3.3
Micky,van de Ven,4,1,96,1969,29,75.9,498.4,191.0,10,347,76.5,7,0,6,27.7,46,DEF,20.9
Ashley,Phillips,0,0,0,0,0,0.0,0.0,0.0,0,0,0.0,0,0,0,0.0,40,DEF,0.0
Takai,Kōta,0,0,0,0,0,0.0,0.0,0.0,0,0,0.0,0,0,0,0.0,40,DEF,0.0
Luka,Vušković,0,0,0,0,0,0.0,0.0,0.0,0,0,0.0,0,0,0,0.3,39,DEF,0.0
Son,Heung-min,0,0,0,0,0,0.0,0.0,0.0,0,0,0.0,0,0,0,0.1,85,MID,0.0
James,Maddison,0,0,0,0,0,0.0,0.0,0.0,0,0,0.0,0,0,0,0.1,68,MID,0.0
Mohammed,Kudus,2,6,75,1535,20,413.8,333.4,302.0,7,257,104.7,7,0,3,10.5,64,MID,11.7
Dejan,Kulusevski,0,0,0,0,0,0.0,0.0,0.0,0,0,0.0,0,0,0,0.0,64,MID,0.0
Mathys,Tel,3,1,45,534,9,104.9,141.8,160.0,5,145,40.9,1,0,0,0.2,62,MID,7.3
Rodrigo,Bentancur,1,1,64,1407,21,159.7,268.6,85.0,3,269,51.6,5,0,5,0.2,53,MID,12.1
Lucas,Bergvall,1,2,39,799,13,81.4,137.4,133.0,0,139,35.3,3,0,2,0.2,52,MID,7.5
Yves,Bissouma,0,0,5,122,3,8.9,34.2,21.0,0,40,6.4,0,0,0,0.0,52,MID,1.0
Wilson,Odobert,0,2,43,885,13,249.8,149.4,210.0,6,164,60.9,2,0,0,0.1,53,MID,8.1
Manor,Solomon,0,0,0,0,0,0.0,0.0,0.0,0,0,0.0,0,0,0,0.0,54,MID,0.0
Bryan,Gil Salvatierra,0,0,0,0,0,0.0,0.0,0.0,0,0,0.0,0,0,0,0.0,49,MID,0.0
Archie,Gray,1,0,28,657,8,56.6,98.6,78.0,3,103,23.3,5,0,4,0.1,48,MID,5.8
Mikey,Moore,0,0,0,0,0,0.0,0.0,0.0,0,0,0.0,0,0,0,0.0,50,MID,0.0
Pape Matar,Sarr,2,2,42,703,7,84.7,154.6,94.0,0,161,33.4,3,0,0,0.8,45,MID,9.3
Yang,Min-hyeok,0,0,0,0,0,0.0,0.0,0.0,0,0,0.0,0,0,0,0.0,45,MID,0.0
Callum,Olusesi,0,0,0,0,0,0.0,0.0,0.0,0,0,0.0,0,0,0,0.2,43,MID,0.0
Dominic,Solanke-Mitchell,0,0,5,149,3,25.2,22.4,68.0,0,24,11.5,0,0,0,1.0,72,FWD,0.7
Richarlison,de Andrade,7,3,75,1276,19,159.3,381.8,464.0,9,336,100.4,5,0,4,6.0,64,FWD,11.7
Will,Lankshear,0,0,0,0,0,0.0,0.0,0.0,0,0,0.0,0,0,0,0.0,45,FWD,0.0
Dane,Scarlett,0,0,2,7,0,4.1,1.0,2.0,0,5,0.7,0,0,0,0.6,43,FWD,0.5
João Maria,Lobo Alves Palhares Costa Palhinha Gonçalves,3,3,78,1299,20,85.3,385.8,138.0,11,323,61.1,4,0,5,0.9,55,MID,14.2
Xavi,Simons,1,3,50,1100,21,264.0,192.2,144.0,3,194,60.1,3,1,2,1.2,65,MID,7.7
Randal,Kolo Muani,0,0,24,922,16,159.1,73.4,151.0,0,63,37.7,3,0,2,0.4,69,FWD,3.5
Jun'ai,Byfield,0,0,0,0,0,0.0,0.0,0.0,0,0,0.0,0,0,0,0.0,40,DEF,0.0
James,Rowswell,0,0,0,0,0,0.0,0.0,0.0,0,0,0.0,0,0,0,0.0,40,DEF,0.0
Yusuf,Akhamrich,0,0,0,0,0,0.0,0.0,0.0,0,0,0.0,0,0,0,0.0,45,MID,0.0
Lucá,Williams-Barnett,0,0,0,0,0,0.0,0.0,0.0,0,0,0.0,0,0,0,0.0,45,MID,0.0
Conor,Gallagher,0,0,4,174,4,31.1,25.2,58.0,0,32,11.4,0,0,0,0.2,55,MID,0.7
João Victor,de Souza Menezes,0,0,0,0,0,0.0,0.0,0.0,0,0,0.0,0,0,0,0.0,40,DEF,0.0
Igor Julio,dos Santos de Paulo,0,0,6,103,3,10.6,25.8,0.0,0,10,3.6,0,0,0,0.1,45,DEF,1.3
Alphonse,Areola,0,1,49,1710,34,10.0,551.6,0.0,2,215,56.0,0,0,0,2.2,43,GK,11.4
Wes,Foderingham,0,0,0,0,0,0.0,0.0,0.0,0,0,0.0,0,0,0,0.2,40,GK,0.0
Krisztián,Hegyi,0,0,0,0,0,0.0,0.0,0.0,0,0,0.0,0,0,0,0.2,39,GK,0.0
El Hadji Malick,Diouf,0,4,45,1407,30,158.4,279.8,64.0,1,120,50.3,2,0,3,1.3,40,DEF,11.2
Emerson,Palmieri dos Santos,0,0,0,0,0,0.0,0.0,0.0,0,0,0.0,0,0,0,0.1,44,DEF,0.0
Maximilian,Kilman,0,0,36,1535,35,55.6,380.8,60.0,0,83,49.7,1,0,4,0.2,42,DEF,8.6
Konstantinos,Mavropanos,0,0,40,1271,24,11.5,313.8,135.0,0,119,46.0,1,0,2,0.1,44,DEF,9.1
Nayef,Aguerd,0,0,3,180,8,3.9,39.0,8.0,0,-1,5.1,0,0,0,0.0,44,DEF,0.7
Ollie,Scarles,0,1,19,624,14,60.6,126.0,22.0,0,79,20.9,0,0,0,0.0,43,DEF,4.4
Jean-Clair,Todibo,0,1,31,1431,30,63.9,318.2,15.0,0,126,39.8,0,0,4,0.1,43,DEF,7.2
Aaron,Wan-Bissaka,0,1,31,1191,27,221.4,243.6,18.0,0,86,48.5,0,0,2,3.9,41,DEF,7.6
Kaelan,Casey,0,0,0,0,0,0.0,0.0,0.0,0,0,0.0,0,0,0,0.1,40,DEF,0.0
Lucas,Tolentino Coelho de Lima,4,2,69,1513,33,397.2,374.6,186.0,8,291,95.7,3,1,5,1.4,59,MID,11.7
Tomáš,Souček,2,2,47,896,24,92.1,242.8,229.0,4,192,56.4,1,1,1,0.2,57,MID,8.2
James,Ward-Prowse,0,0,11,414,11,176.3,56.6,6.0,0,82,23.9,1,0,0,0.2,56,MID,2.0
Crysencio,Summerville,2,3,56,1317,26,232.9,202.0,286.0,4,200,72.1,1,0,3,0.3,55,MID,10.2
Edson,Álvarez Velázquez,0,0,0,0,0,0.0,0.0,0.0,0,0,0.0,0,0,0,0.0,49,MID,0.0
Maxwel,Cornet,0,0,0,0,0,0.0,0.0,0.0,0,0,0.0,0,0,0,0.0,49,MID,0.0
Guido,Rodríguez,0,0,8,175,2,6.0,9.8,2.0,0,30,1.7,1,0,1,0.0,48,MID,1.7
Luis Guilherme,Lira dos Santos,0,0,5,121,2,14.5,9.2,4.0,0,11,2.5,0,0,0,0.0,49,MID,1.0
George,Earthy,0,0,1,8,1,1.5,0.0,2.0,0,3,0.4,0,0,0,0.0,45,MID,0.2
Andy,Irving,0,0,9,156,4,52.3,31.6,2.0,0,49,8.6,0,0,0,0.3,43,MID,2.1
Lewis,Orford,0,0,0,0,0,0.0,0.0,0.0,0,0,0.0,0,0,0,0.1,44,MID,0.0
Freddie,Potts,0,1,30,982,23,125.6,164.2,37.0,0,192,32.7,0,0,1,0.7,44,MID,6.8
Jarrod,Bowen,7,3,105,2070,45,289.8,474.0,598.0,19,409,136.0,1,0,3,8.3,76,FWD,13.8
Niclas,Füllkrug,0,0,12,407,11,85.1,26.0,130.0,0,28,23.8,1,0,0,0.6,56,FWD,2.1
Callum,Marshall,0,0,2,58,2,0.1,1.2,7.0,0,0,0.8,0,0,0,0.6,43,FWD,0.5
Kyle,Walker-Peters,1,0,30,952,21,87.9,202.2,98.0,0,117,38.9,1,0,2,0.3,42,DEF,7.1
Callum,Wilson,5,2,59,824,16,70.5,211.2,312.0,7,222,58.5,1,0,0,0.7,58,FWD,10.2
Mads,Hermansen,0,0,9,360,11,0.0,84.8,0.0,0,27,8.5,1,0,0,0.2,42,GK,2.1
Mateus Gonçalo,Espanha Fernandes,3,2,80,1673,30,387.1,420.2,78.0,6,389,88.7,2,0,3,0.2,55,MID,14.5
Soungoutou,Magassa,1,0,33,732,18,66.4,149.6,37.0,2,157,25.3,1,0,2,0.0,50,MID,6.6
Lukasz,Fabianski,0,0,0,0,0,0.0,0.0,0.0,0,0,0.0,0,0,0,0.0,45,GK,0.0
Ezra,Mayers,0,0,5,112,3,33.8,21.2,9.0,0,15,6.4,0,0,0,0.0,40,DEF,1.2
Airidas,Golambeckis,0,0,0,0,0,0.0,0.0,0.0,0,0,0.0,0,0,0,0.0,40,DEF,0.0
Mohamadou,Kanté,0,0,3,16,0,10.9,4.4,4.0,0,11,1.7,0,0,0,0.0,45,MID,0.7
Pablo Felipe,Pereira de Jesus,0,0,5,174,3,28.0,8.0,21.0,0,5,5.7,0,0,0,0.0,55,FWD,0.9
Valentín,Castellanos,0,1,7,254,4,45.1,20.0,102.0,0,11,15.7,0,0,2,0.0,55,FWD,1.3
Keiber,Lamadrid,0,0,0,0,0,0.0,0.0,0.0,0,0,0.0,0,0,0,0.0,50,MID,0.0
Sam,Johnstone,0,0,21,1080,24,0.1,308.0,0.0,0,117,30.8,0,0,0,0.1,44,GK,4.8
José,Malheiro de Sá,0,0,27,990,19,10.0,185.2,0.0,2,110,19.7,2,0,1,1.0,42,GK,6.4
Daniel,Bentley,0,0,0,0,0,0.0,0.0,0.0,0,0,0.0,0,0,0,0.5,39,GK,0.0
Emmanuel,Agbadou,0,0,20,1010,27,65.2,286.4,69.0,0,75,42.1,0,1,1,0.1,42,DEF,4.8
Matt,Doherty,0,0,11,599,11,50.1,104.4,18.0,0,53,17.3,1,0,4,0.1,44,DEF,2.5
Hugo,Bueno López,0,2,50,1338,23,375.3,309.2,110.0,4,196,79.7,3,0,1,0.1,43,DEF,11.6
Yerson,Mosquera Valdelamar,0,0,26,1046,20,87.4,214.4,147.0,1,110,44.8,2,0,8,0.1,43,DEF,6.0
Rodrigo,Martins Gomes,1,0,15,381,9,41.3,60.8,107.0,0,27,21.1,0,0,0,0.1,44,DEF,3.4
Santiago,Ignacio Bueno,2,1,50,1204,23,60.9,307.2,113.0,2,156,48.0,2,0,2,0.1,44,DEF,11.4
Toti,Gomes,0,0,20,949,25,77.4,212.2,29.0,0,74,31.9,0,1,1,0.1,42,DEF,4.8
Ki-Jana,Hoever,0,0,10,423,13,87.8,101.4,13.0,0,38,20.3,0,0,0,1.1,38,DEF,2.6
Bastien,Meupiyou Menadjou,0,0,0,0,0,0.0,0.0,0.0,0,0,0.0,0,0,0,0.0,40,DEF,0.0
Pedro,Cardoso de Lima,0,0,1,1,0,0.1,0.2,0.0,0,3,0.0,0,0,0,0.4,40,DEF,0.2
Alfie,Pond,0,0,0,0,0,0.0,0.0,0.0,0,0,0.0,0,0,0,1.1,39,DEF,0.0
Hwang,Hee-chan,2,1,41,1033,18,128.0,120.6,138.0,0,107,38.0,2,0,3,0.1,56,MID,7.3
André,Trindade da Costa Neto,0,0,50,1603,32,193.9,235.0,15.0,1,267,44.4,1,0,7,0.1,53,MID,9.4
Jean-Ricner,Bellegarde,1,0,25,685,20,91.3,111.2,93.0,0,114,29.4,1,0,1,0.0,51,MID,4.9
Fer,López González,0,1,12,228,9,61.0,29.0,37.0,0,38,12.4,0,0,1,0.0,51,MID,2.4
João Victor,Gomes da Silva,0,0,57,1754,34,250.4,280.0,108.0,1,296,64.3,2,0,7,0.1,53,MID,10.8
Gonçalo Manuel,Ganchinho Guedes,0,0,0,0,0,0.0,0.0,0.0,0,0,0.0,0,0,0,0.0,55,MID,0.0
Marshall,Munetsi,1,2,38,872,19,61.8,163.6,196.0,1,131,42.1,0,0,2,0.0,53,MID,7.2
Boubacar,Traoré,0,0,0,0,0,0.0,0.0,0.0,0,0,0.0,0,0,0,0.0,50,MID,0.0
Tawanda,Chirewa,0,0,2,25,0,0.3,3.2,0.0,0,4,0.4,0,0,0,0.2,43,MID,0.5
Tom,Edozie,0,0,0,0,0,0.0,0.0,0.0,0,0,0.0,0,0,0,0.4,43,MID,0.0
Enso,González Medina,0,0,0,0,0,0.0,0.0,0.0,0,0,0.0,0,0,0,1.3,43,MID,0.0
Joe,Hodge,0,0,0,0,0,0.0,0.0,0.0,0,0,0.0,0,0,0,0.0,45,MID,0.0
Jørgen,Strand Larsen,1,1,38,1379,25,113.0,126.2,249.0,0,90,48.2,3,0,2,0.9,61,FWD,6.2
Fábio,Soares Silva,0,0,0,0,0,0.0,0.0,0.0,0,0,0.0,0,0,0,0.2,49,FWD,0.0
Saša,Kalajdžić,0,0,1,14,0,4.3,1.0,2.0,0,1,0.7,0,0,0,0.0,49,FWD,0.2
Leon,Chiwome,0,0,0,0,0,0.0,0.0,0.0,0,0,0.0,0,0,0,0.0,44,FWD,0.0
Nathan,Fraser,0,0,0,0,0,0.0,0.0,0.0,0,0,0.0,0,0,0,1.7,42,FWD,0.0
Jhon,Arias,1,0,44,1107,20,203.7,170.0,146.0,2,172,51.8,2,0,1,0.2,49,MID,9.0
David,Møller Wolfe,0,2,20,703,18,101.8,113.4,44.0,0,42,26.1,0,0,1,0.1,43,DEF,4.7
Jackson,Tchatchoua,0,0,36,1236,25,223.3,210.2,36.0,0,96,47.0,2,0,2,0.0,44,DEF,8.2
Ladislav,Krejcí,2,1,46,1570,32,112.4,379.2,198.0,0,163,69.1,2,0,2,0.1,45,DEF,10.2
Tolu,Arokodare,1,1,35,748,17,114.3,83.4,223.0,2,104,41.3,2,0,1,0.1,54,FWD,6.5
Mateus,Mané,2,2,38,626,10,121.0,147.0,120.0,6,141,38.7,2,0,0,1.4,45,FWD,8.4
Saheed,Olagunju,0,0,0,0,0,0.0,0.0,0.0,0,0,0.0,0,0,0,0.0,40,DEF,0.0
Luke,Rawlings,0,0,0,0,0,0.0,0.0,0.0,0,0,0.0,0,0,0,0.0,45,MID,0.0
Temple,Ojinnaka,0,0,0,0,0,0.0,0.0,0.0,0,0,0.0,0,0,0,0.0,45,MID,0.0
Ethan,Sutherland,0,0,0,0,0,0.0,0.0,0.0,0,0,0.0,0,0,0,0.0,45,MID,0.0
